Temperature,HeartRate,Weight,Sensor1,Sensor2,AnimalType,Label
38.74835707650561,86.99677718293,143.24821725025618,31.18438488424522,70.68253197517532,Dog,1
38.430867849414405,84.62316841456385,148.5548132928448,33.279229978440995,74.84398255530458,Cow,1
38.82384426905035,80.29815184960087,142.0758007900004,34.17278893315671,75.09008436022224,Dog,0
39.261514928204015,76.76531611147213,146.92038470360959,38.77537531468038,77.36315172921702,Sheep,0
38.38292331263833,83.49111656806795,131.06385333046214,36.11310624906751,68.16570818359587,Dog,0
38.38293152152541,81.96742692710875,152.13293707372938,32.32903686180022,77.96283636923665,Cow,1
39.289606407753695,84.47596610013866,150.01205475362224,35.972072578835274,61.478041841986126,Sheep,1
38.883717364576455,83.17585900840984,141.8291136893181,31.90539202212327,71.85057723818095,Dog,1
38.26526280703252,85.24776357659667,156.59245668432405,37.16538210777415,72.55863078774227,Dog,0
38.77128002179298,77.32382394219717,159.3757013762656,34.057750696364245,78.16663413035619,Goat,1
38.26829115359377,86.58697032817163,133.92440135631026,34.812727622521656,75.11315426338435,Cow,1
38.26713512321487,80.987998023462,142.37275221433785,37.65159329508438,67.97218473071857,Dog,1
38.62098113578302,90.37630436312632,142.308576502127,32.4256728628315,70.07503437091492,Goat,1
37.5433598776711,76.55406090955216,140.60096898891135,32.20576362977402,75.99340004773704,Sheep,1
37.637541083743486,88.67981901582624,158.29474841931747,33.83280134730799,74.60466329067722,Goat,1
38.21885623537951,80.98955391731324,148.06173861227197,37.076757702038634,72.10437945182127,Goat,0
37.99358443983279,76.74290998192775,147.3548515868939,31.961307849046314,72.5958310524401,Dog,0
38.657123666297636,77.58057082972839,129.96137635593246,29.33568880377886,78.48083998579645,Dog,1
38.045987962239394,78.3982634590284,156.35418030209226,34.097682283182,72.41153713565393,Dog,1
37.793848149332355,82.12082973200958,137.60741605146526,36.10348159982184,74.55954377985464,Goat,1
39.23282438446078,82.6141774401775,150.5993263026633,37.40052349947766,85.84968294040272,Sheep,1
38.387111849756735,77.13149998030711,152.77376937958192,34.073677275829205,67.88158681558039,Cow,1
38.53376410234396,79.87822703869509,163.60658595838652,34.177146785767995,65.74078634212671,Goat,0
37.78762590689327,90.71135179305932,136.9117960088089,37.30780146851149,78.91794832399303,Dog,1
38.22780863773741,88.63771585050355,119.80487844179174,31.260516600609158,71.60678469352948,Cow,1
38.555461294854936,82.18161834837016,151.83849544753696,34.22295844963398,73.4088123612869,Sheep,0
37.92450321128885,80.190017390841,168.00511181510853,35.380847779850114,71.09421810934442,Cow,0
38.68784900917284,80.60015663359131,162.38946352939436,35.89843744257007,73.70099929616244,Dog,1
38.199680655040595,83.06758986365209,152.09659415274626,33.980386613618236,82.9926905604817,Goat,1
38.35415312510336,74.88603717400797,145.08363814367954,35.06888202341168,79.0106422930906,Goat,1
38.199146693885304,78.71311731288327,158.0712259663731,30.02334529317402,79.31111755943489,Dog,1
39.426139092254466,71.65707963061206,140.2645380029553,33.683503175332305,67.91886472103677,Goat,1
38.493251387631034,81.99611561302639,154.76357769356218,35.90701742510893,69.24423131723566,Dog,1
37.97114453552205,83.2359796985137,155.05470159166626,33.03541193149064,60.80460670257287,Goat,0
38.91127245605159,77.58406768850313,160.60209907498879,35.117968443179194,70.95309589458623,Goat,1
37.88957817501449,87.86993381645016,177.5966003891108,35.893745001605396,79.78351593192829,Goat,1
38.60443179750238,73.8711716849883,153.92415967178766,34.31490159828447,77.58473257874185,Sheep,1
37.52016493806011,72.6781255989509,144.910363742925,35.34092754199314,73.89243368523938,Sheep,1
37.835906975550785,81.12225909279987,149.74425687808005,33.07453486943078,74.88849858140973,Dog,0
38.59843061793456,85.23549151306077,132.30924095110882,34.586777440607904,71.55557228712297,Sheep,1
38.8692332899977,88.41963845728934,143.05286868910943,36.220432339178444,76.02379441200893,Dog,1
38.585684140594985,77.7055786856553,145.90717561886896,35.31394592193687,78.82939139740307,Cow,1
38.44217585880588,85.39340416715648,144.75911602065406,33.82693746087213,66.92056606294764,Cow,1
38.349448152205355,79.80745765249647,151.52354872033723,35.448432808581586,76.49823843918674,Sheep,1
37.76073900481629,79.1368635002959,141.775800676178,36.42921958127324,79.66217435477334,Cow,1
38.14007789580265,84.41829968743336,161.2103066732447,30.900117442845044,72.92449855518315,Cow,1
38.269680614520105,83.2616143920671,150.00207064918197,37.3181481299118,78.50350306060292,Goat,1
39.02856111310946,72.11803921507875,149.90699678861387,34.32749052263786,89.07327222236276,Goat,1
38.671809144784234,87.38270174862947,146.72105283487082,35.85097986648046,74.47828603506554,Dog,0
37.618479922318635,86.90045677073726,151.5519068385898,37.394493847290455,76.96653525002662,Cow,0
38.662041984697396,76.87218649245236,158.25098264667633,32.25665260553907,71.30971458169304,Dog,1
38.30745885979184,81.97901766718705,141.328697842891,33.58111799514491,75.90625581301025,Dog,1
38.16153899984702,82.4701509314137,143.41883510924742,34.42290260824859,77.30135812491152,Cow,1
38.805838144420434,81.30336882911953,146.96273971223334,33.432492957751144,75.9742117013507,Sheep,1
39.01549976124797,77.2484742307729,136.54129076526786,38.46987315167362,69.90152340145572,Cow,1
38.9656400595581,76.64188316030975,141.80742140278502,33.28645581234642,76.03180885662725,Goat,0
38.08039123838868,79.87222964504278,145.2377912645534,33.888906441026265,82.31097969358818,Cow,0
38.34539381207439,85.86364509629682,158.74389180712728,35.40877806320595,77.24317882257263,Sheep,1
38.665631715701785,82.71800077297216,152.62561329001926,32.595700947847824,79.8099359453592,Dog,1
38.98777256356118,78.14692833956947,151.93589911367545,34.20863857648747,73.81494014993686,Dog,0
38.26041288107736,83.85849355324173,158.5089796216797,35.63490652250035,78.74950119711855,Goat,0
38.40717051166809,65.75728689684962,148.62628211600602,34.33427919123498,76.39633919108263,Goat,1
37.946832512996984,85.74382850186052,153.9046484992889,34.813226282200105,70.24544635156384,Goat,1
37.90189668795966,71.3014311061095,148.96778247067505,33.941335775103255,76.59260502399437,Dog,1
38.906262911197096,78.18779529298433,152.6536234939963,31.971059381638465,70.04151668279845,Goat,1
39.17812001428541,74.40165052686928,144.17241342388417,35.643186422678475,71.83559862557604,Cow,1
38.46399493920983,73.52659262139547,125.61182841723571,38.50986614329448,75.94664153646187,Dog,1
39.001766448946015,85.8041339368926,148.65720837813697,35.036803261566874,76.48622136690062,Sheep,1
38.680818012523815,77.66149399344054,164.2274813609994,35.450528234495096,69.05383767461436,Dog,1
38.17744012269744,81.73251940865357,159.26215402241593,36.385445510233716,80.26992885591439,Cow,1
38.68069780275421,79.76539710560408,159.6539748459117,32.4613390069066,77.86003139150236,Cow,1
39.26901828323298,82.3852041361156,162.36130721806217,38.40502931625921,71.47635782194558,Goat,0
38.482086980445025,80.38410945530127,150.88657590961438,35.4046575928456,67.31207601775412,Dog,0
39.282321827907005,73.58503887905715,151.97315707405596,38.263713798178216,74.27547710459284,Dog,1
37.19012744795513,84.9813340972357,143.8234810456565,33.53393400895202,72.7702814306942,Dog,1
38.91095125218761,77.53121708419344,146.83927143972952,38.63612384511565,75.56570228526512,Sheep,0
38.54352353411909,72.21709050670124,156.1577114977114,36.55031098806957,73.18441669422216,Goat,1
38.350496324767064,77.85942419517043,162.03884437168816,36.10608017170472,64.96271569627496,Cow,1
38.545880388267754,87.50379895317155,148.60553724319,35.468048908706294,73.05826530849421,Cow,1
37.50621554269955,84.25110871056746,145.49810735148588,34.5029427638511,73.47190444465843,Goat,1
38.39016405608125,78.2567393279607,150.00527958856597,37.40106331694774,78.1683051238703,Cow,1
38.678556285755874,78.25371147840785,156.01206748929116,35.280719739696096,71.50900162694475,Cow,0
39.23894702237076,78.39182474391309,135.5614518386646,31.065860592825697,83.39337336686283,Goat,1
38.24086489086318,90.3837399178042,127.03819046862762,32.76562707658599,65.44179724674122,Cow,1
38.0957531985534,81.90967726115777,144.49463150508416,34.628308495614505,81.55583748901313,Dog,0
38.249121478207734,82.15020823595535,137.79287574085842,35.61999796633111,73.87840514560948,Sheep,1
38.957701058851036,85.15141727015921,144.9185980235269,34.88682302220021,79.29792436171778,Goat,1
38.664375554829846,81.19394579513256,148.5221968118253,37.437941579587324,75.39900742029367,Sheep,1
38.23511989811648,78.70478927089648,145.46751590976987,31.09779627192275,80.69777768012734,Cow,1
38.75663371655668,79.0182507545751,164.52467534470745,35.28717587301032,73.06319017723594,Cow,1
38.54853877467402,79.64199370292968,153.26744764602321,31.36404154922569,69.50689787411093,Dog,1
38.98432249526645,79.81388881745079,153.00474359610828,36.519424590968335,82.10252143635532,Goat,1
38.14897345306132,83.6381477181849,156.222071440434,34.811082571115996,74.4325967705893,Cow,1
38.33616892670111,80.2597294290365,138.6116688221923,35.83921994404824,76.10779236812105,Goat,1
38.30394592343392,83.66320038607789,160.39111787420268,33.27223407882047,81.17375957022398,Goat,1
37.76824252593394,79.59641709945708,149.2423571346454,37.558929863315505,69.84022378952783,Goat,1
38.64806013853229,80.39317595158045,156.70480617241213,37.0834493281177,77.97745448819629,Goat,1
38.630527636089944,70.00899657733946,139.28142766959846,36.167088606023775,72.05052621768554,Goat,1
38.50255672832123,84.5816383735124,134.46241233983935,34.74096550627312,74.33915322177815,Sheep,0
38.38270643331243,81.73244237948997,158.1788965802503,36.15971457059027,75.36139482692144,Dog,1
37.79231462897479,84.99005054929826,153.76409526097515,33.5862148640253,67.49889069276531,Goat,1
38.289677338617324,65.51872310903155,140.9794844564249,36.711111318041425,71.10581478589782,Sheep,1
38.328642741736616,90.44187352390364,141.30336918725305,38.298961788647844,81.7553644620657,Cow,1
38.09886136538919,79.30205185922414,161.2543478441477,37.141221119958374,79.43095594292397,Goat,1
38.419357144166995,85.54091408368758,138.10588107132673,33.54079506038518,74.68680211336383,Cow,0
38.70202542840727,74.80047036437234,166.42672953255965,35.7228346345462,76.21561729256446,Goat,0
39.44309295060526,83.06386952531285,140.99379265352133,32.413716912482705,73.52878747181771,Sheep,1
38.58728890641592,74.73292218413172,156.38391925608383,36.14478062235135,81.78291692913992,Sheep,1
38.628775195361385,76.88115519652098,146.71381524251015,35.901206825725076,73.99823711102918,Sheep,1
38.46277704211692,89.57015676933393,156.03187431082344,31.26036732093567,76.15921046067425,Dog,1
37.54061439235048,79.04658799618326,144.55885997885807,32.67643231217527,80.73015072071033,Cow,1
38.486743062275394,81.08716436589862,148.37207093927705,34.43372220651246,71.11314257577047,Dog,1
38.53011510497051,84.35033865344377,150.4091917539572,34.39828050571835,82.79394592248447,Goat,0
39.731621056242645,82.47840943986303,139.97812544218527,32.58104612916239,67.34769295128312,Cow,1
38.40381951760944,80.75209452571788,157.40824345420125,35.777957458704364,83.14821065556399,Sheep,1
38.6507736711668,81.82480501233113,144.86786433528414,35.50294721788102,73.13662208024013,Cow,1
38.48264411514738,92.01707792619138,147.71400084659982,34.61146173604296,73.7865062608736,Sheep,1
37.915660981190236,79.71190601483207,140.05650625391488,33.488416999683274,65.54994914408529,Dog,1
39.07141140725751,81.00549523357483,124.3766634120469,37.097414252833126,72.72602641311154,Dog,0
38.87596651634339,85.25327198003806,148.0897223739983,38.31081422617659,69.80096734486558,Sheep,1
38.895515973521526,85.52762966478991,174.12615421612915,34.03287703230693,71.96176827313263,Sheep,1
38.04530627260263,85.9351515278019,157.84604287898023,33.77566616569036,74.3134451710556,Goat,1
39.20139715546805,83.19365111014592,149.80739620265607,35.98241533082399,79.78895807236452,Dog,1
37.79907446860386,74.28497543634758,147.37109170791732,34.283941240506024,76.03801675700313,Dog,0
38.79342854690014,88.16715766150548,150.22465892812048,34.721205598673535,76.53838326700557,Goat,1
39.59522781290499,74.26827303490656,155.4711911517521,36.47930630344934,69.52240305577219,Dog,1
38.004731837434655,81.51317732619516,138.19187184691154,31.181287824985414,70.59622955198635,Sheep,0
38.21685113519862,76.22862074990321,161.1432169466887,37.63660464970534,83.99362509175656,Cow,1
38.54982568254382,79.67930826703504,157.15381315441243,35.145361048658685,71.32399482618376,Cow,1
38.2482621729419,81.6438120515174,157.18185725707934,34.17701371087564,83.28104126028649,Dog,1
37.72466828446694,81.60678607725137,154.38475738809728,34.821531691557105,73.78469400559567,Goat,0
38.534281487403014,82.10960377117642,150.1961665769399,34.924858710041036,75.01143968071752,Sheep,1
37.968848143136945,88.06855634529323,156.7286123596682,31.53759739311015,80.35182580114964,Cow,1
38.73679621531759,82.2676715075699,155.91814133741377,37.98987645490647,81.35946210969328,Sheep,1
38.0402878828831,78.77921682354676,146.45959289058976,35.082651264541234,74.44593719860457,Dog,1
39.27496720250877,84.82043584144179,144.26398227103098,35.88600426089475,73.05878473239231,Dog,1
38.10837335383188,85.9473524446232,151.01856295261987,36.90309954114809,74.72039775738894,Cow,1
38.33896924189716,73.86196092431504,165.49020151495188,32.9576750848794,76.68978764116059,Dog,1
38.90675860868483,82.98700034924929,137.60892924346098,35.94694379807046,79.45651843434878,Goat,1
37.884567841783024,83.5058637115545,135.3247473424756,34.464717818202416,75.02114929497075,Dog,1
38.61372996730206,78.51218248320004,151.64760841236517,36.69354155043299,78.09443149011577,Dog,1
39.15357137714121,86.8785340665581,150.50887701856018,30.74554515929701,83.19179866135471,Dog,0
37.696258382719385,79.24972206483737,151.7334166437041,34.80181139951746,76.90654806132392,Sheep,1
38.592316929266154,80.6278822673577,152.439531979085,33.79435868843208,76.55826428002389,Sheep,1
38.62994139712421,79.13464087858065,147.76797745365195,35.86452590126831,67.40544587454966,Cow,1
38.890911435888654,80.07789523790734,164.89863438602083,35.940088374736405,61.84634931585468,Cow,1
37.88152464456096,74.518624565524,133.99096021523485,33.58474821035595,76.94187864615084,Cow,0
37.83977169345786,72.79974558702853,141.71502975219755,33.57565227164791,74.52587884359563,Dog,0
38.76097078280845,87.97252531612486,148.96745239850952,34.778669262885344,72.4260866254263,Sheep,0
38.64849233661659,75.76519325840836,133.56811188845833,33.20671554536958,76.21765102093173,Goat,1
38.62524642517294,75.04303825271846,148.2414559556793,36.68396739090426,74.69798135401545,Dog,1
38.673224104748485,69.23304943198143,166.6147016572802,34.26158559910511,80.6389012531695,Dog,1
38.159987639210755,76.8051912615525,150.20886488295963,29.186023561356716,75.4305543412949,Dog,1
38.6161268485805,73.3845510329625,152.30700905718683,34.25035588675639,71.26538357464916,Goat,1
38.64653623664934,88.21007580068185,137.3983523482742,32.922912358312054,79.95083119479645,Cow,0
38.142824290986816,85.04908544671318,143.83638591960522,31.73744836907811,73.91434462526898,Goat,1
39.432887255572375,76.55924827411138,146.24803619676064,32.525146723554855,77.63268341836154,Cow,1
38.736916460455895,91.26217902672154,146.82284903243766,35.21881694366594,72.612946469036,Goat,1
37.90434825139867,84.90882743495797,162.81643795003768,37.657281656496465,71.75086557251282,Sheep,0
38.828276804316914,78.37584308245688,155.57691060725125,35.62636894772996,75.42084115092848,Dog,1
38.01265916488634,67.50297142563214,138.88542043062967,33.78699322356852,75.06414321771842,Dog,1
38.89354230187123,91.45471286295371,152.46504778432003,35.911808390341406,77.39913517683416,Dog,0
39.079297789503705,73.05213766618202,154.98221748496786,34.08181937956201,73.65677123345128,Cow,1
38.08965884082414,71.77300626521554,161.40149038521267,33.61079926167371,65.81820108114802,Goat,1
38.98168806462216,85.1128521600482,165.80540686568372,32.69127466353403,72.83613058205806,Sheep,1
38.706390463468246,92.19876203169636,139.84905808172132,31.49634238649656,78.96909233571908,Goat,1
38.911030079997246,86.9213640925526,141.89142488789662,34.220152586881106,73.51311960378447,Dog,0
39.448396491326974,82.8195456002618,137.42422141085385,35.316106979840264,73.76808298742726,Sheep,1
38.377305941998564,82.97377170832642,147.65980140893018,34.80675265997022,79.93188252952969,Sheep,1
38.123131917821254,84.26707779390154,154.66358374446335,34.16806614410528,71.44013386370538,Dog,1
38.05524278518724,83.79464294893383,159.873345165891,33.10850787860644,67.2859839087855,Goat,1
38.09209485751728,81.40595711984687,149.24048976357477,36.21649238336994,74.19684440237253,Dog,1
38.461449145292946,80.52100551975938,146.80152476745155,32.36573616010683,72.57913024375631,Goat,1
38.67057598740832,79.6870343605024,151.5175799224874,36.55205582768695,70.16876840123373,Sheep,1
38.638345399665006,76.23017705566662,141.64857098369976,32.99556596214655,74.12310772050655,Sheep,1
38.91359162451801,78.59662461566613,170.89538721694774,33.49512952529393,77.45752823623391,Dog,0
38.50650094593895,71.53521592902307,133.92338972881942,32.066429618768645,74.95355719216091,Sheep,1
39.22676703857866,79.50830186602624,151.84740578895725,33.99719570622872,76.53490536343119,Cow,1
38.367671583381025,75.05704446424541,170.2360621922964,36.95062491695596,84.06703849257711,Sheep,1
39.86008458329481,74.48205341392115,150.06799844559998,36.031256176887915,73.28560569221219,Cow,0
38.8128336738825,80.8994707557674,148.09960964998507,36.95684422405607,76.39174317322335,Sheep,1
38.07142122179186,86.96001143172299,146.42554577189574,36.04428509186787,72.45393318700432,Dog,1
37.96455375096944,84.59158303001156,148.19608318237593,32.792660342939264,70.76820140056513,Dog,1
38.74123620762159,72.14749698188412,163.7284847467653,34.33842155134489,72.07546173291115,Cow,1
38.388268607337075,75.05185931714831,127.88138088670493,33.439601741765074,72.60620714239155,Dog,1
38.857000247046045,84.70385593994108,165.33433701296326,37.66114980807808,76.79737898773563,Sheep,0
38.73661881228677,75.08756303230845,135.76042847549854,32.606422707147374,86.74537893350379,Sheep,0
38.46358554367156,78.87683425001488,147.33347670765585,36.78739537877822,71.4197828186208,Dog,1
38.076603140965794,82.75026049512276,145.70755579701338,36.78590774021754,72.91687347192268,Sheep,1
37.74257638765707,75.15827772568183,155.8855326977072,38.65924040343217,74.68438493444376,Goat,1
38.27674252396649,80.5268775307298,134.0187564811625,34.180626814741004,76.97899424354874,Goat,1
38.928199397161734,73.32987252540897,154.62172666081943,36.42464431916032,76.31775405977392,Sheep,0
38.607046872065105,76.99316178024394,170.24309623286854,39.563303673077684,81.42047896974059,Dog,1
37.87713061064401,81.59890967071269,136.3682599540719,33.764716646132605,62.86803964732396,Cow,1
38.58659046292559,72.03503133234166,151.89706167610396,31.92991950493528,63.06535064902164,Dog,1
38.692658689864416,82.20237368980199,143.38017822203392,31.239979932184472,72.52060913994926,Cow,1
38.05807128189943,79.9018110053666,154.25887206193036,36.425424057722665,80.48650093771855,Dog,1
38.57686255297276,82.76244977208574,150.19147777415753,31.23369958388283,67.17175984197202,Sheep,1
38.529104359223,81.11957067032331,143.5851309095569,34.25536189412416,59.961838301531216,Goat,1
37.928514851084685,86.82070214986922,154.87872284871074,35.87462637407792,77.85589703109605,Dog,0
38.67889368017414,80.62612251323954,168.04348109786744,35.370351073659826,76.21828611851357,Cow,1
38.78039226318412,77.85297229437373,148.090962082727,35.850889728368344,69.54895796600285,Goat,1
39.04152562158764,80.61148751516141,157.1975794214818,35.444579711601705,70.07230199639535,Cow,1
39.02690102601745,82.71649014518194,137.06727042128836,37.55773162662679,70.15128140182662,Sheep,1
37.81116531602145,80.24430035162852,140.4356362318199,33.09536723852241,75.5526765873697,Goat,1
38.03108748004244,80.20295845601942,154.72406277880378,33.64600972308294,71.86842361908496,Cow,1
38.75751763360433,76.49004156096622,164.84116028535965,33.45468110945835,77.4703195948776,Dog,1
38.756892975456104,76.68549541224526,153.5561334878566,36.660383623725224,60.72686668547804,Sheep,1
38.757523843153024,72.98697364100153,146.86941969476845,36.80079717679013,70.715740674361,Sheep,0
40.42636574532736,88.74788371593469,149.99291405423355,35.90245063863701,69.36973019544475,Sheep,1
38.78544525534658,73.78068382304357,137.49592266030282,37.36698733377985,73.71829660813754,Dog,1
39.0677828200903,76.53547401102047,156.04515326355366,32.64391826524724,72.30976120754931,Dog,1
38.9770008817466,76.40796367215401,158.82333062323409,38.33444822310227,78.98921889947883,Goat,1
38.8256956256529,84.47462188472221,145.4790966716692,38.04647724342452,65.70331614169972,Dog,1
38.342365377679826,78.52525160853986,145.299578522405,36.471243994491495,75.22745738165376,Goat,0
38.879484610246635,86.23871036336867,152.65878229652049,38.56359781754212,77.79168211605852,Sheep,1
38.11358739273121,76.63254687878066,145.63280263959405,31.686753584644453,84.28323718280977,Goat,0
38.38159069663,81.39497081111901,149.33867385374177,33.951103727474695,72.59117014453263,Cow,1
38.257318226085445,75.82326473370121,170.99721789166514,33.5293930786361,76.62229302176259,Sheep,1
38.540937069693165,90.72574563886694,147.52974299254004,36.442958647514686,65.98068603718818,Sheep,1
39.65732928333676,74.06200790485244,146.41659847978778,32.89971852079571,63.04021897843488,Goat,0
37.56636740370413,81.54910355113513,143.5245819436484,36.514990298674974,79.2238718789085,Sheep,1
38.843130095187256,83.16888440466049,157.44191971499936,37.741072287993426,74.97219853175964,Dog,0
37.693642064405175,82.0689954872575,148.18775826781896,36.390405800168,80.89256344899212,Cow,0
38.264034067105285,79.07356170561145,143.50626961678574,35.567502047323,68.13298555515125,Goat,0
39.04447529848368,79.35089650133287,163.2130403227301,33.024253318198504,77.59951069764377,Goat,1
38.53214000954773,80.21905735989554,164.19603004513638,33.30629806774927,84.34408920271926,Sheep,1
37.961127611035344,79.26498999185756,143.99576434261294,37.499237810593335,77.09852804178632,Dog,1
38.142348145370015,84.81939558397455,131.33460048639384,36.55869800781066,76.38290752795524,Sheep,1
38.83979887446734,91.05261500795676,160.0751368983692,34.92196096124491,75.04278040412174,Sheep,1
38.134816684141434,77.21254107496082,143.15370174239996,34.16418090846822,67.14559271437044,Goat,1
38.60822929479099,73.15098510210461,157.9062559916277,30.948384253777245,81.77786467855174,Sheep,1
38.52278591995191,79.55858975824373,130.29896182288164,32.85829516263112,71.94571180097466,Cow,1
38.17419982619709,92.8985466882716,158.9259733829931,38.82283817427945,77.52241628191508,Sheep,1
39.571972044662665,75.98162716015135,137.8882807071922,32.43908885799507,67.18482846714373,Sheep,1
38.816959511159006,88.19558402722033,157.30764119066524,35.37895964244216,69.1027016774611,Goat,1
37.487428706671196,88.3885040703822,150.14273067836433,37.014887946390395,82.17543699611117,Sheep,1
38.59322715738471,77.23205879146003,140.46060580603356,32.49015466399541,73.26348855521078,Dog,1
38.16910676761581,82.84491539592638,145.9296368707322,35.36942094956217,82.26637738021272,Goat,1
38.92621666739811,88.14198311564269,156.863184569567,36.87583107502131,74.60884670470742,Sheep,1
38.10373963078365,78.10436129506256,151.05894453115235,35.0249986438145,65.7905111352107,Cow,1
38.44263177926655,78.98209819948819,155.84412980472484,40.736806111333536,79.4603379986586,Cow,1
38.752493639490226,77.09159543025677,169.76440584515484,31.66280148224361,72.05053841122196,Goat,1
38.93287759708506,74.92621634653567,134.3575838828895,37.11745705976776,78.49344406758522,Goat,1
37.89985179647211,76.75361227466996,166.17212574968624,34.65439652520707,75.12605433770041,Sheep,1
38.33274938207953,73.88029866618872,151.04355937523212,36.54384030967335,67.28440886028565,Dog,1
38.262527344419524,80.17041734129613,141.01215951676872,35.88261430339849,75.82147382685285,Sheep,1
38.173335383713145,76.15013384470679,136.6968637426101,33.53368760578001,85.981115710764,Cow,1
39.38272712014055,81.16892955895374,148.10879609222965,35.45799278491868,77.4649322925723,Dog,1
38.70249085548048,72.22052176898187,159.21650111924458,31.284197097203425,74.71241123497269,Dog,1
37.86955802283248,81.65440116107229,148.72450879622465,36.206495001142784,80.37671700978449,Dog,1
38.95893097352739,84.16764480804463,165.11154930247346,35.59631693198105,76.05334232601555,Sheep,1
39.561078098506314,70.03132178714273,135.4882430994844,36.277320337286206,76.04767115131398,Cow,1
39.016232630275574,81.87028284923787,149.87911052153945,37.1162366501743,69.54187413920448,Goat,1
37.74031501702299,86.13834496236646,137.47606555586881,35.73523968041942,76.16924012894799,Sheep,1
38.25788296356687,73.95179490654397,153.6363188262497,35.29617883959655,80.17721708208472,Goat,0
39.13345557459331,88.36286193418852,158.868873900973,33.23786332667741,70.81968923949988,Dog,1
38.14616526719061,82.09509504683022,145.79238206318948,33.5755584727019,82.12247910623474,Dog,1
38.721909714073114,76.47494072120796,123.95786143372865,37.37346924035466,74.54146987927437,Sheep,1
38.88731702671467,79.72115461171147,151.98948146796494,37.87267081141196,70.5611524423073,Cow,1
38.036534764210955,82.7916345626086,154.3673855173351,34.52377912737589,79.98816038460123,Dog,0
38.4702373219691,80.38002695706206,154.04294754961697,35.09200549450655,73.56602882130865,Goat,1
36.879366329965464,82.69377996223184,162.35782191822153,33.19077125001247,78.79757443743054,Goat,1
37.98780617933286,75.39663203460317,139.2894632035095,37.34551369053489,73.54120683870731,Sheep,0
38.37371592430342,80.8468041201804,156.8021610545045,36.33083364738356,74.70086928235048,Goat,1
37.876108409017576,72.9314275154751,161.92507512477974,38.8824348729275,77.46780102167146,Cow,1
39.31620565196582,79.4438696932565,132.21412415993484,33.24335384564052,76.45448528795004,Dog,0
37.78492931101968,75.48046179267605,153.19651825918976,34.24398420196356,65.0223410977413,Goat,1
38.279977756651505,76.32235028705117,144.95820168992327,35.462891845051146,69.39378129952804,Goat,1
38.565370288643045,86.18046587605218,149.18477326898355,36.29297907545154,79.64704992395407,Dog,1
39.22063664453306,85.45655060297135,153.47676483538336,34.568664724904735,74.33931705549226,Sheep,1
37.78206892441028,83.04569060453588,145.12771435886447,33.2540778190926,72.3813434861429,Goat,1
39.08158187607748,74.5384361766371,143.24291920838388,36.76281505784714,68.20712992371263,Sheep,0
38.505116530509795,78.41795775152599,150.34152417488025,36.44227072509116,69.60131839362076,Sheep,1
38.00924567447603,86.06548849989592,139.12754061137198,33.16745179887255,64.89100680019027,Goat,1
38.73105173713164,80.70858456819953,139.14174871114815,37.71088560221099,74.49359640649233,Cow,0
38.599529847786734,91.59664769990847,156.79373282956504,37.34039741839321,72.00781209709477,Sheep,1
38.1998915614206,81.96658919697185,138.51205964841344,35.268592994495584,70.16706054507343,Goat,1
38.53490104249501,80.96024558245016,156.6631250090921,35.159195724752074,74.65938287416023,Sheep,1
38.30734320156912,78.4544176789875,154.62591292853952,36.108115542231815,76.8198531542637,Dog,0
38.55675867262563,80.66770452391141,132.74193271209404,33.276593859487484,85.46598966104972,Cow,0
38.831065337260526,79.23765081809728,143.22435347664344,35.06006295832817,67.44058290218393,Cow,1
39.29300840807267,83.54054338344295,161.94109403047372,30.69523291078164,80.79690521650261,Dog,1
37.881092250586576,84.78351158397292,140.1883446886032,36.75291129100587,79.86550780507537,Dog,1
39.56651668732813,76.07005269746026,145.35595737690613,31.87701355511628,71.1045363031165,Sheep,0
37.52395610023875,73.3438352322111,154.62060893251896,38.006839656858,76.01617977293016,Dog,1
38.42410745248221,70.81897313448351,157.83390509282594,34.3397598120671,72.71183375331192,Cow,1
38.79415860324229,82.53995663456271,147.48461113955506,34.576666036137645,75.92844290209369,Dog,0
38.64049593386752,74.48316696913064,144.02489805308358,33.74453218783099,82.54565506702275,Goat,1
38.1886502400897,69.23554703523759,164.22369861698508,34.42392225215585,78.02803116315657,Goat,1
38.39593887482136,81.94289302265481,167.3889966379758,37.83706269029607,77.54304186616721,Sheep,1
38.25349953267058,92.46499758716395,159.78858050781795,30.02438268692984,72.84845340022679,Cow,1
38.2053176215279,79.96964544230053,150.85318142565023,37.55393077217637,67.57971667537832,Goat,1
38.92480104851051,84.19245387225821,141.91734278359073,35.676046962203415,73.95765894729796,Dog,0
38.678507742982525,80.40914679273783,141.69555593443434,32.58595670428557,81.03304077431957,Goat,1
38.15354520236967,79.50555173404429,155.22514105265756,32.849375213901524,67.36416071705176,Goat,1
38.94979993771663,84.59538241493884,154.18398220888685,38.352786054416406,69.72455315911652,Sheep,1
38.653649760438306,78.54862727905675,164.0159859294643,33.10898624011454,75.63133868117033,Dog,1
38.90643105941948,81.33696157035952,156.50450092536138,32.69329897880808,70.07672607576369,Dog,1
38.81481442096181,81.60848903098007,134.96919698240183,37.27462908472946,71.03738276442394,Dog,1
38.085502494538964,76.65954773178476,160.5194761772292,35.677105752571826,72.88200709135911,Sheep,0
38.21990947990152,84.96021174768262,140.01939372685587,33.124148846927206,68.17191297904925,Dog,1
38.87364680256163,79.12520121652295,146.1602872804765,35.43324995080924,70.12939076891816,Dog,1
38.80518513271673,76.22127420253578,152.50200206251694,32.948494632719445,78.51713958393654,Goat,1
38.48954920301792,82.68254921785201,169.95667489783963,37.20164279684521,68.46315108884518,Goat,0
38.55866369165439,75.50766009104481,181.0991855600536,37.12274192974627,67.01063932752581,Dog,1
39.13883244789421,80.14090578684564,156.06723059136183,36.064012397643886,71.84987510233053,Cow,1
38.204214305582084,79.95440501677898,148.16803381279612,35.72332212249403,78.65977751254923,Cow,1
38.77354869058502,85.42947782915789,155.3450564848055,38.52237624973475,74.01539096001555,Dog,0
38.39890367378305,82.37349116439977,158.87655425873837,34.99937265477645,72.67709460942191,Cow,1
38.39115939838639,79.87486520627428,146.79332374442808,32.6362517491584,75.22179398757804,Sheep,1
39.0493884259936,84.08883149600143,167.95211355912323,35.898947825664614,66.27146283570174,Goat,1
38.912708174494014,86.95103774508657,152.30070759191403,39.17209409907423,77.47352826887516,Sheep,1
38.906754818000316,82.78905153175931,154.97743089091395,32.970481013628294,76.91717515701822,Goat,1
39.152739403577165,80.0517630992169,156.6592425205446,34.27707446661203,72.9534576295214,Cow,1
38.51050192081638,73.4408188382492,154.21586610614455,35.8328920762029,80.02962255898208,Cow,1
38.84097648564748,74.67443168462313,158.38940500469613,34.89219030198852,69.3625195052348,Dog,0
38.344866621703275,78.47387647822666,143.82746813453076,33.03539283924537,80.63954496626785,Cow,0
38.662083176244224,76.95243898920359,144.41698246053969,37.24371571246094,75.77246832797626,Cow,1
38.43492847281616,79.06514348507277,138.99845767028305,39.64008144403452,73.31723705060914,Dog,0
38.54849798249636,80.28324962448553,154.39501230620226,35.39226291804781,74.90063182315845,Dog,1
38.79757851271846,82.64846377178365,157.78936503512114,33.191863420528,74.46367617094529,Goat,1
38.09088965838326,79.64750610970454,154.57772866151885,31.90207894989305,81.10141448208859,Cow,1
39.54619363784273,82.43250821913101,166.74492433347538,35.515951962442365,69.61660436264494,Goat,1
37.99699130925015,80.3223720740506,149.94403981170953,37.20775468663251,71.187403804267,Goat,1
37.89290569360613,70.12266716823065,156.68741655592513,35.95033549299076,80.1815144603624,Sheep,1
39.07905543675003,75.30332303090623,139.08299123860687,34.99519231816229,72.0223253240807,Cow,1
38.89583134698147,79.27956222139193,146.129002975256,33.821456696421386,79.50266538665795,Cow,1
38.81205990852608,73.95152628579446,156.95537757565776,32.81567273456382,83.49717991504355,Sheep,1
38.81417275463214,82.99964364998102,158.49102110743144,36.66950265264976,72.99102486529183,Goat,1
38.493876613576546,87.65375416171848,147.06033052335818,36.82754324277117,78.40681163287653,Cow,0
38.051372814257086,86.09380925848659,149.28400748141934,31.908540426618533,69.23153859330071,Goat,1
38.53790227909686,78.93278564534896,134.8212625331919,38.17967795636137,78.77366649033905,Sheep,1
38.16141914424394,87.45363068424976,146.4297079919339,36.148142441788,75.99711992993383,Dog,1
38.98755986670888,80.74333728601056,158.90383163519786,37.79918929029159,77.36519141080107,Goat,1
38.42647130924893,78.3145701444098,155.75205016106565,32.31574450302977,71.77213963982302,Cow,0
38.087251401603744,76.93298668229531,155.0066572138121,32.26835168916912,66.69458292216413,Dog,1
38.3393070791735,78.48765156755935,150.4977368718096,34.70206138046541,77.51626032374753,Goat,1
38.70646572713781,78.05911590729386,150.07063158628176,36.005568853790386,64.68298423760272,Goat,1
38.21813772359801,80.85208111187744,143.39678860526553,38.59272164585393,73.41324753878733,Dog,1
38.088889802216784,80.80286990524932,156.98828420202534,36.41215782763026,79.70590933209985,Dog,0
38.62184360574596,80.01523010076707,154.2097294438939,34.514637446375936,75.95948867936518,Dog,1
38.62248328555436,82.18469084873175,154.920188479928,32.94726158466822,84.74171322394906,Cow,1
38.24652841231443,85.9532313739317,144.7396515733242,37.4600011454383,80.12554576290887,Cow,1
38.26448084719084,84.74777067720662,128.46657080128756,33.07058914849857,71.73050805837212,Goat,1
38.616024968678815,72.57551015775049,160.97152711753697,38.256937109544644,75.13656689925719,Goat,1
37.77595782925134,67.23039432549022,145.21162543991596,34.43123070078698,74.76314648727782,Sheep,1
37.796268112811724,84.67159955619637,141.3722423595688,38.1811641452357,67.08911618326937,Cow,1
38.14077788937378,73.16560650792289,156.93478911913994,36.35786258011856,70.29800541757824,Goat,1
38.39327642414408,78.87617299053659,146.0798736008087,34.72600902111508,72.1961954651007,Dog,0
38.655453782799,74.1494348697032,160.59936384046622,33.96120725634775,64.81889748572031,Dog,1
39.237678108474775,70.9900978120999,156.17005949576696,34.31818424530784,75.23746734125821,Cow,1
38.92882981160101,82.70731364102394,156.8356932320048,35.856633384750474,73.7546407767348,Dog,1
38.42003073501829,83.79577580151323,136.34044288799467,35.154312992435436,66.63553049344213,Sheep,1
38.49049189604865,77.11744799636641,162.119439853864,33.81237718386259,77.02106432638666,Goat,1
37.998735317681096,67.04478853927546,152.61250531233856,34.66873717936473,78.5793637234548,Goat,1
38.4907434320038,77.26877775873758,146.30722860753798,35.1571540594383,76.13517239432444,Goat,1
38.35567068053993,81.95902002701273,151.4338846734225,30.742531811170377,73.37965912395515,Cow,1
38.661359280169044,72.60544215612936,132.23764767101682,35.9163362295774,77.95721075875927,Dog,0
38.08638452822384,80.91679959889578,154.0865281148067,33.04055755056638,78.40110180238345,Sheep,1
38.75967325712059,79.92345075413502,139.70628491817928,32.69333519358851,76.53701784859844,Cow,1
39.26636945650129,82.89645749800545,136.47329714156464,31.62531130577858,70.8769387478262,Goat,1
38.445619925771574,80.59790184207077,134.77640813782108,31.41221500426422,76.38300382755591,Sheep,0
38.70085586104947,75.13465529559222,161.12688374989926,32.289104993775425,80.9774032541274,Goat,0
38.845071995855555,85.98285750832245,143.7073660630721,33.58195808473902,72.01685470694134,Goat,1
38.29938976405708,79.20735213486515,165.337277099165,38.90651827505314,85.48969669566216,Cow,1
38.61204624090521,79.86347730245033,144.64198536947703,33.94824064820959,72.37184533007307,Goat,1
38.5062962003909,75.33366020463401,132.92642042407053,35.355500212536064,75.16203506670068,Sheep,1
38.548838049274416,77.78358874404245,138.8347556005134,35.80096277301266,71.63757201996832,Goat,0
38.113495108072264,75.5759864298655,162.3581162000694,35.2621303724317,76.1163541796013,Dog,1
38.512255087129475,79.13526970038288,148.44101822063334,34.84511307854801,66.28889153682363,Goat,1
38.748999145622726,88.55854240071172,144.51712703509398,32.60941247280151,72.26979100591639,Cow,1
39.22557180389752,73.14049428534322,151.60018225852787,37.90185509655842,69.53939399825717,Sheep,1
38.9796354130426,71.93219301061629,155.01782736167544,38.61439328727577,75.67669173946146,Cow,1
39.57659122875578,87.35585163746805,161.17398815902462,31.634682611754627,79.97223687754453,Dog,1
38.116326218555976,78.95338161424067,164.48499229892926,32.95194281822724,78.23003093557276,Goat,1
38.936160318360336,76.65463630670041,146.40231354210914,34.44037931524599,63.14170319570554,Cow,1
38.59167100286918,85.19952343698039,136.73952313917962,33.070924410179614,85.2103482646394,Cow,1
39.59490146660884,76.97192230131569,145.86534838876725,36.01193110691173,76.47639970310435,Cow,1
38.095850857322425,89.13004856773468,152.60280506582887,33.54345559518677,71.11750429753499,Cow,1
38.08013907890961,83.38962935669635,140.3624107378939,39.330112135613206,75.7856395949547,Dog,1
38.20030367727799,77.56044295927148,140.42849085104956,37.38109718868719,75.88094911251346,Dog,1
37.4380521378451,90.78654106632752,153.43787881549886,35.42514806126443,71.66575641524219,Goat,0
38.23712248915962,76.9714253849833,149.5134764842955,37.05397252663946,75.98958333671038,Goat,0
38.120433669223154,83.71047686004654,150.32796995411587,37.21180084871462,71.96263856189846,Sheep,0
38.5751968932381,81.49646290203246,142.4150466529993,33.87210502388351,72.97819003654989,Dog,1
38.67087798788858,86.50870644699398,147.69599285794231,33.36756551091607,71.56860432122458,Cow,1
39.438085419607944,87.80755598363426,140.75766855731695,35.156286125939296,67.83664355130173,Cow,1
38.97521191909303,80.16002074532884,158.90198411124786,36.72327224899589,75.72918235107691,Sheep,0
38.2115481721688,76.23291064826908,160.35249334723753,35.27812079730683,77.92649718258168,Cow,0
38.05079266432582,82.29986071469558,131.53812137761906,31.846007035618005,77.57441798038187,Sheep,0
38.745959585753255,76.61142315123946,140.7048913980759,33.39435111209831,79.09962626317618,Goat,1
37.83988339648968,90.06693623763312,135.03470744909922,34.852054272811245,76.62170105007434,Dog,0
39.415729382927175,80.68267665541369,143.49976065593103,34.84866879134834,72.33637250891549,Sheep,1
39.08972006036064,78.17339224343945,149.16562030209639,38.94508435357962,79.19831932215594,Cow,1
38.265412173947645,80.92340152932454,135.5035478030147,32.228024115202004,68.21241230079032,Sheep,1
37.64343273545456,73.26436855235151,140.78140186874685,36.01117848367175,70.4966430874376,Goat,1
39.17693618708271,75.14192980744674,139.96042627918501,37.97822621665658,70.17899964288378,Cow,1
38.44273007737369,86.00206953972213,152.07267329398945,39.54289949084559,80.40028029569655,Goat,1
39.11890815598673,76.71552860514302,150.6934433703625,34.191205153632076,79.71394257070038,Goat,1
37.70278617060281,74.7654450865903,142.78262446662745,35.9828589054404,77.43652618522498,Sheep,1
38.20031248852311,82.68326376263643,151.768208721394,36.13952071439729,80.35964932605899,Goat,0
38.50262184985909,85.92852077331499,144.53319915412735,35.39096346310658,70.60358608794006,Cow,1
38.52349029688237,83.59476655332533,147.28344889673946,34.802309597521386,76.7429755993049,Goat,1
38.274967264260376,84.98023842902909,166.73452090298537,35.871950779000095,74.37412785808418,Goat,0
38.811424966173746,76.21602455715269,163.40461051790348,29.935507829560628,79.23441051942457,Sheep,0
37.9661897853087,72.89094666629079,137.00418763072403,36.36413898012526,74.42387883723902,Goat,1
38.42881025748935,87.50666825977743,158.29732417879174,35.25235580732394,73.0752855579496,Dog,1
38.56014781585595,78.38660080578933,158.1139655449159,34.55505020644347,77.70454259280496,Sheep,1
38.757219417029376,78.74583491772476,138.5173671124738,39.09372439143912,79.38084583595617,Sheep,1
38.85580743904445,86.6409707092453,158.18777643754862,33.6501319624189,71.65827402576599,Cow,1
37.937678954081065,82.7811500470033,165.37931918412554,34.19384802186994,74.69462164323812,Cow,0
37.73294291463219,82.27943886040804,138.77455193755586,38.98310660440947,69.70779683179174,Cow,1
39.138838410949255,90.82501172450542,140.82497178985736,33.33587739030029,62.5096949125353,Cow,0
38.666157005989795,76.78240884809928,160.17661466843504,33.899769434126924,76.00229815706865,Dog,0
38.12575673172172,84.63920064040619,152.71495310825648,34.7059491531383,78.04452678127316,Sheep,0
39.275575987761265,80.28506562448543,155.51476275239523,36.681468964259096,76.31033404543362,Goat,1
38.55783731714643,81.34296139431629,153.40589216400497,35.41560501470663,65.25219141122817,Cow,0
39.089648592031914,87.64234213206265,153.90695920928144,32.41474930569547,73.24575284961763,Cow,1
38.53375924070505,82.53917878144811,136.73527871688918,33.93566287374562,63.908261199744594,Cow,1
39.53037396244099,82.69148039524816,160.47317706621448,33.785291133575576,81.84850553827093,Goat,1
39.3776704212216,85.362536686549,161.69589992427774,34.84555790955391,69.56972708940957,Cow,1
38.37551792576046,78.17523635228558,147.70609255931973,35.85168731725966,81.27701804729948,Goat,1
38.98578547547718,75.80395166330497,149.56523050186138,35.83641151177594,79.72934821842072,Sheep,1
38.82268797479257,74.77595402989483,134.68892497444278,31.447976491903194,70.49704823731969,Sheep,1
39.18431577876618,70.16821705311999,155.14254756017834,37.12788197512171,69.33607524366127,Sheep,1
38.017538269709945,90.28103564970161,155.72057441714145,35.50513769199325,76.75185108193169,Dog,1
38.84302572999922,74.48395817139158,149.3780898300069,37.769064095187815,70.77837981408464,Goat,1
39.029212243424794,78.89373188207114,161.24353359870503,35.88839665458134,75.51242321079104,Cow,0
37.620630256788445,78.6159335005554,146.6592276902006,37.20264591547152,72.58586204596541,Cow,1
37.90837074366711,81.5370334890455,155.646059258936,35.93309062290025,66.09420792767183,Cow,1
37.48038391111995,84.07868606269648,139.80335661307885,37.6924515124055,63.84765990437771,Cow,1
38.365296582777724,84.30236744179872,149.76447849125762,36.04450127203556,76.13342124247299,Dog,1
38.85877112789798,77.08461280715531,148.25645742097163,34.80416950711419,72.19221126834687,Cow,1
39.251178526048015,79.16439143106794,152.2530792204094,39.54486944089376,72.23455091542934,Dog,1
38.537047390209885,81.4128997524415,146.30473071166642,36.77807424455978,78.47931919546893,Goat,0
39.31430777278565,78.75654436908226,148.68527404328333,36.147488842008826,80.86721138316223,Sheep,1
37.80994927089255,88.03672788009996,158.26047171441508,32.447391166923325,73.63727639319096,Cow,1
37.648308780322424,82.45487475819125,145.63235762761784,32.423384765072925,73.29700646545069,Sheep,1
38.47222615055169,83.67438893024908,133.9342289926132,35.58543096428371,77.50071516556942,Goat,0
38.692032724469655,83.31440634333707,167.4958390420542,35.29104239553648,68.21532215150212,Goat,1
38.483652625952956,85.86736928742663,163.81454078690487,33.77175486998337,76.11576527373849,Cow,1
37.466278949980065,80.90510779351854,137.07737304894383,35.28196539922412,77.75942985911077,Goat,1
38.455439980243604,73.51584026022077,156.89707805245195,38.17725385608719,78.40115104208815,Sheep,1
37.847765249747575,81.99843975876321,144.97025229448656,36.3908049491006,65.31623648748767,Cow,1
38.83483627441502,76.74321553104086,152.6348721533106,32.717982980494526,71.1932236509553,Dog,1
38.68329912304842,77.35691659125122,152.94224129013494,34.77698234571411,70.60868373588266,Cow,1
38.03006010683632,82.93182009377547,147.65592199683678,33.39006703829488,75.49943477204606,Sheep,1
38.24306654133165,86.19141535716818,142.16234334413605,34.22460016718288,77.40372289883992,Cow,1
37.970393239055525,80.1063578836803,143.0945894768374,34.172768668740716,82.48355203722991,Cow,1
38.46866045136341,81.54416506299482,140.83808084518756,34.04470883479199,72.52517259815963,Sheep,1
38.97757116025062,88.5110747231762,141.68177791769554,32.48972925605321,72.51213750845393,Cow,1
38.00713697683223,81.20376589744284,149.32821709950645,34.74469063696362,80.74836009439373,Cow,0
38.75202325775892,93.00841557090197,142.8424001088925,33.87878472630538,76.48288469265152,Sheep,0
38.23487119081378,82.82754822815772,156.8205206571262,29.141102619995465,81.33825755593986,Goat,1
38.10356358386883,71.19618620422091,164.87246155335927,39.10594404900333,76.44364001504918,Sheep,1
38.44648482002272,83.76670810552267,144.19946758629956,37.177539308433346,69.21441690643364,Cow,1
37.98237883879031,81.90579192441389,152.39404500535377,34.24739855015001,68.33435822611096,Dog,1
38.22317534732641,86.44876377041373,154.99685110302934,35.0376380994812,67.24243875470536,Dog,1
37.901061053705575,83.36590675634979,154.72002270919273,32.65669130536487,78.31025917379236,Sheep,0
39.48236256645819,79.30772008008113,150.75955267916086,38.39144575562173,80.94298411543504,Dog,1
38.51763177598586,73.87850881855317,157.42682418359723,38.79457738954622,84.24681070693191,Cow,1
38.15013724600371,78.95488371356987,154.82248952680658,35.31338745649305,79.2155266616162,Cow,1
38.60698995536711,75.7473977289535,137.62337577672702,37.04706128837069,80.81419288767493,Sheep,1
38.443835975154585,77.09738275097638,158.69156064389273,35.35057355786785,72.09991833673158,Cow,1
38.38951520023339,82.94289202210305,158.8729083726674,32.32654912224814,69.21792091628072,Goat,1
38.80708335002171,88.34952252175702,142.36713895821418,34.17635326207269,79.25039666208777,Cow,1
38.87875385502365,81.9733576491149,150.37937835447602,35.263855933543915,77.088403761197,Sheep,0
38.23474942619474,74.02058468982408,156.8332899281107,34.09090456251311,75.53722187170446,Goat,1
38.21209087967766,82.22301334110071,147.9068618042064,34.56269344512993,76.93685740316495,Goat,0
38.36247415142418,85.98315743322826,160.7297804776601,34.81720088498177,76.61592741229103,Dog,0
37.349039417632206,76.95108547840309,173.6387249461936,34.838243004269074,81.41908429926781,Cow,1
37.74240446890072,79.3299141666354,142.14013967365017,35.104516980994966,81.47492792408478,Sheep,1
39.183437133722265,80.07344097364599,136.18955396846226,32.8787898672068,77.72110176170173,Dog,1
39.322483856750644,76.0755084345888,153.03818595604875,33.56596770174413,79.22901436281464,Dog,0
38.375481980221814,83.2414021692193,157.21562505126144,32.43083146860006,77.57031276212388,Cow,1
38.78827848152788,79.3952592569611,147.69133626155232,36.955631099372404,72.6941513398269,Cow,1
38.655625077271765,82.09766221953514,164.53260663321035,30.78870611631935,78.7828233745657,Sheep,1
40.03944040422762,75.5625391109895,136.61394200276752,37.30718068663385,68.02752465570369,Dog,1
39.05978745571729,77.81270849838295,156.9291862303161,37.77269879452569,80.26945776147942,Sheep,0
38.43604120425962,83.61190678913886,143.94139179241105,34.395638826034755,69.02738530116983,Dog,1
38.022229779699785,78.13583423954117,167.19377906207296,29.7937258243454,76.42901643397366,Dog,1
37.69677683987121,88.63481925616702,169.9251535316812,34.27737887606542,70.77423020786921,Dog,1
38.60173181793361,78.00181907192699,142.33343412216652,34.871631677422364,77.76694491537214,Cow,0
38.121824627357846,81.12342362875943,144.5044286409142,32.978803560142175,74.83037387036046,Dog,1
37.788873145201165,84.66295415936546,158.595878869798,33.96956321238351,67.02622020918334,Dog,1
38.176713557878735,72.90817133533484,146.12869350210485,38.0603903977267,77.1034981550924,Dog,1
37.9592259981928,71.19595594009613,149.54588782067762,36.32985432460348,72.11039611583645,Goat,1
39.34357081753628,72.37171842714953,150.2538842054241,33.1508717712438,79.40573360406684,Cow,1
38.94081987847473,86.31292051713591,130.80326843802345,31.804801660809137,75.00662844367204,Goat,1
38.496013679341694,77.24070927053776,149.86162253905763,34.345965364780454,76.97710492694019,Cow,1
39.23997206944501,92.79099642834126,143.10272225935827,34.573086441299125,70.21215522492395,Sheep,1
38.53868415382381,77.17876200671306,145.06877177600228,35.99239837472663,72.05333884286318,Goat,1
38.06935789933587,80.92275651598518,164.43632003468815,33.92936657486468,72.70680681949457,Sheep,1
39.26156203863483,87.71054976283938,137.43493105720745,36.02299915072372,79.28351240121277,Dog,1
38.769455021842326,90.03046444079561,158.13205186747976,38.87030808012046,83.38688543902745,Sheep,0
37.98137692283677,90.30751788318199,147.2103706966819,36.631002044888525,70.97414124128562,Sheep,0
38.4048306609582,86.04183115296571,147.20239831504165,34.90382298533846,80.3842407232884,Sheep,1
38.06219087330762,85.12031262905731,157.90371896051712,34.63369905789341,64.15161291137149,Sheep,1
37.80860013451783,82.96263474600592,153.40051294568892,34.28665373164026,69.02905299453855,Cow,1
38.96308877376582,83.89180538083319,155.7061299721953,37.36128182490429,70.20610771906613,Goat,1
39.45470832023506,77.24407141835734,159.68184660532862,33.7453731080974,68.23745655279639,Cow,1
37.80071621309043,75.90900558288847,146.68691616816676,35.090445417999966,67.0820580510621,Cow,1
38.78148461834529,79.98312771294523,143.8776326549225,35.10239580376217,77.06499456068899,Cow,1
38.174678715439086,79.14907688737536,139.14849473442203,33.99643161437694,73.92966151136069,Sheep,0
38.256437308117654,77.73385975336362,141.74589470021044,32.2550689042318,76.89702698802554,Cow,1
38.20380303788057,83.48193723728357,179.49094425308726,35.64594900723534,78.45236343060756,Goat,1
38.06800461516009,84.77652604285255,162.44679580736786,34.87799205628923,76.32808496586267,Cow,1
38.52426081397241,80.44203443145923,136.48925633791978,36.00048093887314,78.28881588075187,Dog,1
38.084524941794484,87.3876504052763,136.7754204325643,33.93279938712167,74.65233856878865,Sheep,1
38.63522841288992,74.29155442933248,154.81866061718492,37.44164259762609,69.06503305847127,Dog,1
38.47488094527543,79.03170270360141,155.47264797377966,33.24645243757631,80.28907090410398,Goat,1
38.380525976566794,76.41588839698598,155.48883835317363,38.424080568035784,72.05443933609436,Goat,1
38.0462181689792,70.6673169146347,147.45044206446303,31.504726980343477,70.32201850618787,Goat,0
38.21161433471583,79.5865965707865,148.745457399971,35.86954012911378,74.11041062097802,Goat,1
38.87769561291288,79.39126245808359,153.27879524159357,35.95086136505325,70.43594540351744,Cow,1
38.75045859381219,87.56724871621066,150.8589300629333,33.40888586411823,72.91284809005283,Sheep,1
38.011222377600724,83.15405842277389,127.80699627252466,35.848787875722024,76.72026960781733,Goat,1
38.549666152714614,74.87906587835397,147.70200369424805,37.559037339520316,76.74170869623063,Dog,1
38.87569356168589,89.27046283167094,141.48593565739685,30.56636232129187,70.51084966787185,Goat,1
37.665297359439315,86.10516847762676,151.75211418908512,36.00548961498163,72.56147313525628,Sheep,0
38.77168009618997,82.91048851734308,179.8525900260341,30.013458359339843,80.37166502385122,Dog,0
38.16868812052708,78.86757950575084,153.67481665474304,33.068670392953585,77.4820005886697,Dog,1
38.78529933429658,75.2028038163826,146.864703138276,38.25833272980189,85.37532519674271,Dog,0
38.11837042172874,78.13896611964473,159.2180150197725,33.836435933215895,80.90064086870764,Cow,1
37.59755894966774,85.44374309852093,154.82687887209212,32.65224007118206,80.72146534279969,Goat,1
37.68622878105842,89.42293152967305,154.20094490451842,34.60412454203064,68.060657247721,Cow,1
38.52404247333069,87.71621764136094,156.0685059321567,39.135812676327106,78.81930175816711,Dog,0
38.62986125086074,77.55575289106864,170.56543564829542,31.33663550558795,74.73446599151545,Cow,1
38.04784168744779,74.40191283355495,138.69111564674085,32.89738017672131,72.24509098230875,Cow,1
38.819296229388684,80.70443123455603,154.73632076811455,37.994863366359255,75.84007670266264,Cow,1
37.66923996886552,71.15780317218574,140.7361887001846,38.71540468707546,79.72605767305741,Goat,1
38.46696010067634,81.61583857092391,155.55512646342248,34.793137551419434,77.50415795502106,Dog,1
37.89449190011877,79.26198706850666,140.81313488513905,32.521894594946716,70.6076309932897,Dog,0
38.17408194609892,77.66981749065879,145.82633186394915,39.19168700361832,78.7122945679631,Goat,1
38.52369933565821,72.02648466366603,147.04910085762094,38.188884783498395,71.81206228962019,Cow,1
38.06979331735803,82.56800053284859,159.7581671934471,36.35789397552447,76.08341559482143,Cow,1
38.30772222788509,77.33649580169045,159.18454443942414,33.37519530212516,73.48324966261433,Sheep,1
39.00314640460722,74.15041582144856,137.54282623553615,34.90194131832393,73.90566874132188,Sheep,1
38.211554065238424,65.63868893359175,150.5493411099985,34.679279837910336,78.83121487520255,Sheep,1
38.91784605603257,79.86242547474681,142.90420145250826,35.661702609231156,69.79903140092051,Goat,1
37.935146572671194,88.86125798334872,137.41495089324667,37.90200287626267,84.72597537138466,Dog,1
38.76490208895764,88.30629607273934,147.8298294957563,36.75883408227481,65.89456965352753,Sheep,1
39.22078431032895,77.71451871706864,146.9151721154418,32.84524784603048,72.01166158372571,Dog,1
37.26417774993636,76.9889396981911,174.26716486345524,37.752992900039075,76.8510594497087,Dog,1
38.10155237226476,82.34387128037511,154.32959825360697,35.62626428002631,77.92157083217656,Dog,1
38.78853606359027,75.00807280405854,136.22382499245762,36.374131591717834,74.49762139714147,Goat,0
38.398477306978506,81.50895949909733,144.35225995829057,37.933081718557204,74.71304648499229,Goat,1
38.68557293668565,83.83040139192344,160.213832954294,32.7768395009729,77.05275042663808,Goat,1
38.19800740664209,86.13466611942154,170.88442772869925,34.92834884258708,73.8446526127116,Goat,1
38.54329489373645,79.49922961760024,134.1401668776204,33.93709089728157,81.96590628967454,Sheep,1
38.42216138230396,78.98163124911517,131.20075614860954,31.86428114926909,79.196745571158,Cow,0
39.0838910308299,75.61008706621719,168.70965175371782,35.69341995520984,79.36412175502818,Cow,1
38.62721042165061,75.8655982298007,153.89614177370905,40.023113103168846,70.16921638314791,Cow,1
38.6688013310376,78.86760554049236,141.31707268123634,31.319844510988496,74.60305787797148,Sheep,1
38.29406151693877,81.8368275340809,155.34629086122436,34.93543877790106,73.49767025639647,Cow,1
38.25619688796375,84.56792313116625,123.64252260983122,36.281085870149546,69.97199312155267,Sheep,0
38.28372090609019,75.98410524659828,150.0337550659716,35.24615640331236,76.80082091972884,Sheep,1
38.69722607118915,87.46344284479761,153.27821172843085,34.77374389496852,72.31177121110092,Sheep,1
38.28950775958987,78.64438199478715,159.2427013953783,32.40156727310835,78.27701914925119,Cow,1
38.64488742844821,79.89316352825782,139.86104047707462,35.46557348588033,69.64904218552834,Dog,1
39.537700399322716,76.26394160426088,150.8568716140336,33.48647204596815,83.5952030642091,Cow,0
38.935562351715845,67.8787986986353,140.74575373940414,30.620156590042892,70.5183367070397,Cow,1
38.33698823391608,84.42022698180524,152.55383755674316,37.38918444102746,76.09651168600217,Goat,1
39.10060696108197,83.68421948546217,141.04653677636975,36.916771639684086,78.95929655194034,Sheep,1
38.29596231348923,78.59336221440893,145.9189916083978,35.10332195370216,72.14679784899944,Dog,1
37.48093773241107,80.33495358612436,140.0418460520977,35.458149376411406,79.26234321716476,Goat,1
37.9959568445413,82.57969608852049,156.51136241823656,37.148636025431124,68.85408201099791,Dog,1
37.56460403948707,72.18727071556728,158.58451116656664,35.44867931355616,82.2605884959128,Dog,1
38.32424325797935,77.35473661326853,147.65379430042586,36.80803510952263,75.07074632482879,Sheep,1
38.50920918959478,83.97132339810913,150.38237994960028,34.4050355982523,72.01794296015561,Cow,1
39.33821865613764,73.72855288415376,135.51408585366457,37.62396747714789,73.50409113786283,Sheep,0
38.66346368688208,81.46778966083315,147.00323351993214,35.64157145186537,79.0445963469636,Sheep,1
38.39044973559557,73.21709097688297,149.49795382958254,35.38810388721175,72.07772354074781,Goat,1
38.91470279059175,82.33214991216764,176.20793091029975,32.45987782257593,71.25321155288611,Sheep,1
37.39443234549606,79.82179258851258,138.88032974225837,35.57391170860342,73.8923170120813,Cow,1
38.61780727905428,71.92434092047245,164.64177238752438,33.3360901650111,69.11518943615016,Dog,1
38.88543259694348,85.82369677228586,159.9685877346581,33.72343454694301,84.10271953970908,Sheep,0
37.76070687711008,76.32704211600975,152.80636404490136,33.369248743367756,72.16802704392639,Dog,1
39.07187702160346,75.9487378149281,167.58620484195134,32.86753013620155,79.15808393090202,Sheep,1
38.66924820374721,81.00284598615471,153.72105472606862,39.24954280603392,76.04735041823886,Dog,1
38.2923560430496,85.74318674714358,153.8915919566793,37.662678123976804,70.07732974759016,Sheep,1
38.81639093305314,74.92089090510801,149.46879346982453,38.840735004288526,74.97022645393635,Goat,1
39.635346428902196,80.30839924923986,162.23568882418627,32.55420996088887,78.92001389655374,Dog,1
38.59093312752925,82.14408250165286,160.96469233810885,35.14250749982178,74.05869332456847,Sheep,1
38.62411029315017,83.46552803631572,143.7432271250379,32.41298474959181,80.96556472925514,Sheep,1
38.27031955022988,80.88220777638612,136.80752805401232,33.608610245605874,80.10757696390932,Goat,1
38.075077815267605,78.16486080458338,147.97019362604343,33.16374603316685,79.59457427329164,Goat,1
38.915167908272124,75.8620488967564,141.99961435602353,37.47916801288312,72.70171613863502,Goat,1
38.071958087045566,80.43071941523188,149.36475425384646,34.20754064379648,69.60078776109256,Dog,1
38.53578311860969,74.63930494007197,162.3743813468414,37.13675866738803,71.93206197318602,Dog,1
38.26117127661744,65.39324758252697,145.4269834491321,36.20824177917704,75.9812047033336,Goat,1
38.739489912873196,82.18279902078834,149.57176618688425,39.60727750420958,77.72893356766178,Cow,1
38.666831052643474,84.51967420543097,150.58022734808395,32.041111553720555,64.14214297619776,Cow,1
39.01876997212895,68.1853378222908,158.48430882205284,37.5184664795736,74.95943399194125,Sheep,1
38.24499180057263,74.95134647645031,127.53110666015395,37.292881740801455,75.79044612661592,Cow,1
38.36506253235331,83.09577130502599,143.93299705234702,33.05324232394593,73.61227871842225,Sheep,1
38.01061814210885,90.2874773485585,152.1128369227947,37.01426667294632,81.45636919507939,Dog,1
38.277853369961946,80.10396853837705,162.00078956426862,35.67228992605246,77.10890037125435,Dog,1
38.68865024652243,76.35998529385432,145.08097552493794,34.54504748009318,81.55095954040449,Cow,0
38.87849430832268,79.0855177944758,131.23447293958125,33.352129026056,73.92019739824885,Dog,1
38.03891733791119,86.87438209574093,156.19711445966135,33.56178109710163,79.68738746253463,Goat,1
38.93480296005283,76.77017910437732,143.6463761117437,39.09962419157185,83.1753319726376,Goat,1
39.17781892940248,76.00403996674873,138.1033334090964,35.001365637914965,81.5584672463633,Cow,1
38.70671745161185,77.58628238908983,143.75654610286776,36.56426000306292,69.53929203285634,Cow,1
39.438397906279036,75.23335695870644,148.1547464234415,33.41820123666489,73.7316196122881,Sheep,1
38.11310540044821,80.61335157997398,143.95255335461786,33.440294107556724,73.27417647275102,Dog,1
37.877672648344294,88.1233922923478,127.9443394290093,37.163969618499884,77.44627267538164,Sheep,1
37.61063987554786,81.61539636558014,158.97066196887133,32.300847576896935,78.43176777507267,Sheep,1
39.24802215574459,78.73823248936856,162.74875041278722,34.16957246418946,70.80553662987131,Goat,1
38.82718282817703,78.54094365542228,156.51521991339507,35.06805482214446,75.33919256958468,Goat,1
38.472207664544776,72.18404595651671,138.62314329575185,35.222745203680105,64.90036333921933,Goat,1
38.63998431315991,84.4155488857358,147.98508466052482,34.64181342996769,82.20972502900945,Goat,1
37.93725547635081,79.610814014936,149.93478684770542,35.79163956219185,72.43812879661654,Sheep,1
39.722875989808415,79.09760043204687,155.9879438956191,36.38571151163562,75.27931969922248,Goat,1
38.56461059098761,95.96553783922431,156.6834048871808,36.46927509091866,73.45175143005969,Dog,1
38.55469739730245,81.49376454182843,142.65826201221503,33.02839238266435,80.73013787506707,Goat,1
38.862883311949346,76.24104474952408,150.8199555641356,34.43168980414241,60.812467793013106,Goat,1
38.74050461586835,77.86821201897229,154.5728040461524,37.38952572375388,74.91694828837045,Goat,0
38.611942012139565,85.74222854598378,164.55822322146767,36.78929437514775,74.47090621251151,Cow,0
38.10476277227735,80.56635205268883,157.04506539824723,32.254281097037875,72.73181806204158,Dog,1
38.735734178567995,72.80861010841316,157.89056687375518,35.702959800704406,83.63113272817816,Dog,1
39.44101224823752,84.59614467287602,150.8382662792936,31.04354950125038,70.56335270572114,Sheep,1
39.17271002307749,76.65927957230502,164.10459145203504,35.093869804120736,78.8589808861783,Sheep,1
39.2965933133197,89.36648888108773,154.09762795959497,38.795534033491954,76.78126394353042,Goat,1
38.244392161784404,85.40024032857325,141.3891208982643,33.10421456546203,81.30759626267758,Cow,1
38.00519758987071,77.76339052170624,164.03369970125192,33.33135390901683,71.66405457611248,Sheep,0
38.43710653995018,86.40508180867556,156.97903272539028,36.52805956314572,71.3351555043812,Sheep,1
38.52786245614435,80.33927755263701,145.56955978871517,31.914396969580707,80.48034953738699,Goat,1
39.047095759235475,84.2638683756111,145.20507032600756,33.73448994022992,77.12660654165055,Goat,1
37.65376768514259,82.42366408647237,152.96575545140763,36.192882275163505,67.27531326661621,Sheep,0
39.264775159730306,75.76821672504563,154.63184795267586,33.7314283046212,72.30347492768365,Sheep,1
38.42099605071051,76.7822508384127,151.97292265631205,34.52806002557806,76.93191326924031,Dog,1
38.28655946502629,85.1498040879058,153.11308673442886,36.48837142063007,79.18882110773295,Cow,1
37.99394781236992,78.3261233394673,166.9995737457638,35.843092167073124,71.60384673403523,Dog,0
37.672571664067114,77.98175768379002,160.71543152234887,35.533636792590805,60.428720050915295,Sheep,1
38.911585291980956,75.22438710325324,151.90635591265024,34.32175544145992,77.61611592868516,Dog,0
38.5366589835942,82.11799532796731,159.41310580767484,35.740122230537914,68.89839655028013,Dog,1
37.85501955012947,90.31262459621573,139.6747609647246,34.75253463980049,64.91330600938794,Sheep,1
37.85246061396819,74.66233542872864,153.9792704994681,35.91561121985157,60.83837037507929,Goat,1
38.332107650354935,80.1210972833638,168.09306349733112,34.006135949764044,79.06990430098871,Sheep,1
39.3345107626447,87.06110277707714,147.81954104607627,34.634862051240916,75.64308725202483,Goat,1
38.370204324318195,79.60179304377142,141.52366071380916,33.02008441489597,73.87171809643874,Sheep,0
37.74842852344095,82.26185898124866,143.47911111406938,34.92998477998753,81.9451218148138,Sheep,1
38.37712846795703,74.6880323592656,139.1036696265761,33.37799827274231,78.18662341511536,Sheep,1
38.363638215126166,82.14153548603824,142.15238091872297,32.771907099676014,83.08150021360959,Cow,1
37.15155667852921,79.06427867497726,146.29491901409972,35.51732229571078,68.03632263916502,Goat,1
38.472852566741096,84.92864997839932,135.94432980821358,35.42547955171532,74.82724688023018,Cow,1
38.384532734895664,85.93693025782376,150.15618333949604,36.56574746989715,66.91643312525993,Sheep,1
38.84810318240671,92.94781821009308,159.02277173786646,34.137748860849804,73.85308834072266,Dog,1
39.424478047472675,82.89816586606788,140.92243819853078,35.816105693673514,73.75692073116662,Cow,1
39.06328251477388,81.62898158291084,165.19283923641768,36.101595144547325,78.13306818631536,Goat,0
38.365555654722584,80.97192150788668,155.10792088527595,35.88954761566319,75.2278194057095,Sheep,1
37.94673704562916,78.23416853594655,160.30580585624057,33.34869263439572,78.11703569139958,Cow,0
39.78667990162493,81.69241921730845,143.42165446147862,35.298726964542375,78.51720066569447,Dog,1
38.52960921700724,78.52299294930485,158.54525227066617,35.72828059210932,85.77464338691571,Cow,1
38.50696464595647,80.84230488134807,139.08066099604687,35.01435693381588,73.42351672356938,Goat,1
38.487937456444996,86.5879876780398,158.9024750083651,30.82704468325783,70.2948864966681,Cow,1
38.59904238038393,74.96728717360179,151.7183933979353,35.32097924794696,76.23041807658204,Dog,0
38.42781979403803,85.69939280564523,155.53251219984784,39.42506207879448,70.98859986430229,Dog,1
38.21316899655988,86.58557533669932,138.24405394375148,34.27992146248604,82.40980384218268,Goat,1
38.226570529379806,79.40965736504461,141.04930157723396,33.543845804289354,73.58390980527383,Dog,0
38.483623364892004,69.39072550495703,155.97228218253386,35.7466971194228,72.17211816063005,Sheep,1
38.228287614433114,76.96089006452783,140.516519957758,35.624756420933146,72.64342139424441,Dog,1
38.14357710866142,86.48497273280555,154.63206292099122,37.38547033083283,78.5920871173582,Sheep,1
38.55321511384595,79.88565968850558,136.32862193539754,32.484263688182224,74.21126508384258,Cow,0
38.37251139128957,75.00348883852544,158.4817421266667,36.46276050514999,71.79166589934809,Sheep,1
39.25199649429135,77.47612539385891,137.67476685231492,36.180844122502926,83.32675958811765,Sheep,1
37.17451509580349,84.20310013252276,155.52299937679524,34.715706926118905,70.71915079669125,Cow,1
39.04575342596123,82.73366784100689,156.25630933646002,35.67737463584338,75.17783037016497,Dog,0
39.123042596248816,78.80533950415153,143.03228181570424,37.05891496319671,78.26153075805115,Sheep,1
37.46330488379593,78.16587794092656,155.82026567084728,36.7446307600569,66.84332444791464,Dog,1
38.32865620295983,78.0412092547809,152.60442263333556,32.71396137585254,77.40130250702963,Cow,1
38.3142795670021,75.38794907750749,144.61158143807262,36.64031637351097,69.72446162259776,Goat,0
37.79624415264109,88.07687844734721,139.91445315923792,34.87062278993496,79.11391390417,Dog,0
38.111091656204565,78.3883976539433,130.3737430832742,35.14574819603103,70.18674494040512,Dog,0
37.944712077267084,86.08579260412748,153.49650047299693,35.14639398200339,78.4638451592443,Goat,1
39.37613522171181,87.60658025961226,134.35197228637944,34.69951402240348,80.52916533147356,Goat,1
38.96783919657373,84.9915544907398,150.95344199441308,37.38341499421413,79.30718262816403,Cow,1
39.13577754749708,77.84189843640976,147.3655178391775,34.83256408030157,76.25658324119051,Dog,0
38.860836032021616,82.01865045168304,156.79142775438194,32.76090774323366,73.84349528535151,Dog,1
37.93547411439138,79.87902196804542,146.97954500510136,34.212940288060544,72.11790211832579,Cow,1
38.23773986686011,75.48149069634935,146.70552213652908,35.35738943362095,82.35517345408552,Dog,1
38.74468728061396,81.62179640860802,157.31870704288295,37.4584295685941,71.50252389916179,Sheep,1
37.88893609555403,74.10480104420098,153.35058029084118,36.206189369897665,69.81466963215001,Sheep,1
38.856499215086195,85.93839694230782,153.16155957182778,33.29892944250591,78.32684467516415,Sheep,1
38.37983730092093,77.67691351350804,154.69267589808527,39.97037983335778,71.01931598406752,Dog,1
38.3125895962252,81.0057982793642,134.64427876792894,35.52955062195596,70.24968251266937,Sheep,1
38.85547998410175,81.41643935773071,157.56788679986983,37.55078147599803,67.78197868915117,Sheep,1
38.72213165574302,78.70547513147962,156.12468794013603,34.69657113284554,72.58545080269741,Cow,1
38.31951691709046,82.93346900737637,139.83316871423503,36.066718489410896,74.58642488051754,Cow,1
39.07966490168212,77.62548171688738,147.55919526325798,36.67893700903681,76.21545863830349,Goat,1
37.959468336200054,84.35648648728622,149.6069271237237,37.436389423508516,79.75653122149741,Goat,1
38.80796780347213,73.27010159876626,148.65503215598267,37.11473661075645,77.63448961832897,Goat,1
38.79655062898419,80.63189789773206,153.33859966568534,36.74439400014595,74.0456389022341,Goat,1
38.345226780343005,89.69464499529143,164.31366781831184,34.369826537611786,74.0090216181014,Cow,1
38.66306651112106,74.99834337697213,160.8176672767283,33.85650791608788,77.55078734457592,Cow,1
37.874443211807346,76.61127514737575,136.87780806568594,35.6652150206484,81.36285081464285,Cow,1
38.96201350960345,82.56953924829457,156.22069990306048,36.86625614468214,75.631570997416,Sheep,0
38.40754893177851,80.89790890969799,163.2893331953541,34.55455859844679,72.65434572894796,Sheep,1
38.23863848974048,81.7531504963678,153.86808520689203,37.130343931428776,70.03566999457227,Goat,1
39.02450461291844,82.44593565073832,160.90980425185967,37.90523349097236,67.77397367793887,Sheep,1
38.14782815472862,83.17360734280885,170.12270445700764,33.16735816185316,78.33134836021762,Dog,1
37.79576935181822,85.54849920978111,160.23709546106983,33.32615859240744,77.88989261819779,Cow,1
37.72168541323805,82.04909328464257,152.49308595641727,34.719249882189324,77.88681762553331,Goat,1
38.80300497567282,78.79371172690729,160.45088474084753,35.615225336378394,74.35670276823971,Goat,1
37.85978532375186,83.36286850601365,151.4488783309689,33.9508659724659,82.03467372945876,Dog,1
39.37739709099218,89.49940967447608,150.23903043284955,37.70440535773429,72.57940752707592,Sheep,0
37.45903529605814,79.33683126808714,146.48585764286267,35.8481337230369,79.77634618603602,Goat,1
39.34822818414502,75.12735347664679,165.63413358832108,35.07889409648148,74.80628552505229,Sheep,1
38.60550873360131,85.53540334643486,141.81571334057998,32.128180952262944,71.95824617660331,Sheep,1
38.45164344406481,79.39809418023201,165.32367724678116,32.36836836714499,77.96265153658881,Dog,1
38.22754045659553,69.13665226992981,154.99864123740372,35.56201850056361,77.04818059341997,Goat,0
38.69956805717604,84.23710838575211,136.00693825198059,30.734808747690327,76.78486379633463,Sheep,1
38.48118264878757,77.32335907023038,153.67649292991422,37.02527481928814,75.40639211028099,Sheep,0
39.05165094100826,79.54733358847919,128.99973492348377,34.683692311255356,74.81053459141584,Dog,1
38.55711382433102,81.65990165284508,156.25508016831037,41.48618593918947,86.94185996435219,Dog,1
38.57515088073094,80.95249839889533,158.8523148298899,39.61583250123222,80.92128322598086,Sheep,1
38.318193893893074,83.5472590856952,144.07644044347947,34.637101861504966,78.61413447492757,Dog,1
38.47152718813947,77.82256814715079,151.23547695955583,34.78732599493737,75.55899579101694,Sheep,1
38.65390088444603,82.56552899088041,169.54157433750285,36.99116302800406,80.03578600298334,Goat,1
37.64491580367169,78.70226661208041,144.94253295738062,38.406345219836076,77.58997388195726,Cow,1
37.82590728894714,83.69405240443751,139.410924129434,31.723941885127967,75.13102376387018,Dog,1
38.87163204701136,83.07683742006526,164.81663402462598,31.427249069290628,73.48217837367042,Cow,0
38.585432719063974,75.32280648977702,169.62587190530795,33.75593038889124,74.59541331168656,Sheep,1
38.40800833182366,85.42991058087516,150.03695671847848,36.165475166347726,59.147871320609724,Sheep,1
38.5092169665327,77.32018277442975,160.11463035408357,35.993747181015195,76.0530041964882,Sheep,1
38.67379085268084,84.04028899140573,163.41475915530881,37.1395429099677,72.5576195994482,Cow,1
38.23012015984532,81.8364365670067,142.57515767461615,32.60060494326938,82.96334999141442,Sheep,1
38.110847637298846,89.19091838397561,145.14694164632132,30.367712274062246,75.09672035405877,Dog,0
38.59792262754884,78.88267008814074,162.30874513154734,36.71602839060429,69.05518290232519,Goat,0
38.01081361119248,78.25341601940902,166.8501427870851,33.34360745406953,74.75059922935941,Goat,1
38.704126377857236,79.90290197056133,155.62880860174354,30.963024271222725,69.76939457468748,Dog,0
37.64870819788108,78.48410108582863,141.20185646497947,35.29012749191876,77.36703707856233,Goat,1
39.01457781866282,83.99970950971024,169.8706111169944,36.58635137643736,76.45473682169742,Cow,1
38.73629874120652,71.91844695781705,144.69029102188034,34.755885735757445,79.78919815554134,Sheep,1
38.628014867156935,74.73158790426822,146.6486221882855,34.08430322763502,71.04559104152717,Sheep,1
38.99134549197276,74.66098539210404,153.4233783448962,34.68127553570819,75.17004048114073,Sheep,1
39.33273722223129,84.75153795986787,165.54160420714774,34.258834475198434,68.17489102286683,Cow,1
39.007185032509064,88.55306686290963,158.53975976552223,32.30390577611966,78.50747390962357,Cow,1
37.57956288433418,79.47775390731265,154.1486550036191,33.570638646019134,77.5943559022006,Cow,1
37.86021151663215,79.15589138404995,154.63288530118106,36.042559810027626,77.47902510513785,Dog,1
38.18759071115216,80.3502608155659,150.43514668643465,35.643357082753,75.0080951567847,Cow,0
38.51304552510542,85.80939151304095,155.58139514518507,35.33611961193364,77.07386445394395,Goat,1
38.75882951023456,75.36323432904713,124.70439922305697,33.00970303629324,83.02169554154298,Dog,1
38.137128093423264,81.19184491367392,147.03392540930201,34.63699367572867,73.57452871478993,Dog,1
38.59338338223854,84.87598814891214,152.4132193491678,30.64586990711429,75.69322591855043,Dog,1
38.122308533823336,82.50547084969922,138.48985916380494,35.35695332777078,69.56936850409295,Cow,1
38.19424109850402,80.94790808299372,153.8632331781156,37.85771541562713,70.65869519200834,Dog,1
37.79666945157589,85.00523046283571,147.95528779013878,32.05173573591579,75.48906646546654,Cow,1
38.038383376944545,66.48383853500381,167.5547569831549,33.82814465336449,80.51966773350954,Cow,1
37.824157697191836,83.38937659765453,165.73019725214857,35.65821355742026,73.71859587874214,Dog,1
38.01206337351133,76.72962158436287,145.34194430881837,37.50568526885497,73.82041735343938,Sheep,1
39.02682089830392,70.84683551571771,148.49162288433305,34.1035507673997,72.96557377747813,Sheep,1
38.02530055558403,82.5560129976249,149.26052434391607,33.61549934146821,72.32621664577839,Dog,1
39.81619103241869,86.86829272581478,145.48340523840378,31.062153715167835,76.4748572785441,Sheep,0
38.74665895044045,79.31275742686154,151.95024984028126,35.20687625861621,67.51371177410678,Goat,1
38.59241806184744,84.76437273601469,142.4171793111241,39.08415208028749,81.40469788333364,Goat,0
38.070821109909396,88.06139128994323,138.69384665062475,35.554716923929355,71.6728885093527,Cow,1
38.850154939704495,86.57457226792023,156.22711223900268,34.95544204163257,78.60951742719071,Sheep,0
38.21218108688111,88.19982264685697,156.2952958422181,35.644164621533974,68.65000701303062,Goat,1
38.56100490732268,83.71063745535946,141.9568424034001,34.9778159921028,78.34420065273109,Dog,1
39.7800422691344,80.37716819450796,158.953554307626,33.37397125547974,78.35972303907249,Sheep,0
38.451970050137675,71.99017094051416,143.68422270834668,36.64655983135541,76.92101036002948,Goat,1
39.07463666314284,78.76968755935026,152.53165238037982,35.45152304622351,70.02785739100104,Goat,1
38.148411787437055,75.78376702341905,158.20344012612455,35.035226503867314,76.24774094799038,Dog,1
38.48250575475152,90.85471358748907,149.66387435296286,33.0492679454435,69.08471907632806,Cow,1
39.385400317817755,79.12057093783832,154.54740912141133,37.60701586386952,73.73618372451908,Dog,0
38.18651647110612,80.61602403392243,144.8357035611243,36.32940549066622,80.14706550477663,Cow,1
39.406224278998465,82.75742688020233,148.03533416571904,33.894158325265394,78.98350963535371,Goat,1
38.85387596772774,80.21801223186228,147.9414056911966,37.00364970736388,75.07591471270217,Cow,1
38.21876661205287,88.47525520215376,142.53421653459762,34.004858323229584,70.1259671203858,Goat,1
38.81620386952776,76.88675319132774,148.23225836884217,33.435993014977925,78.22793856087097,Goat,1
38.986277224813364,80.97303727618622,134.51381701136253,33.48059376503942,75.09690618849012,Sheep,1
38.8109049811086,76.28764707150975,145.08846252857896,31.45786289382382,63.39842200884789,Cow,1
37.71488764005477,73.39988744389647,147.1512450663033,35.94308476083641,78.91314913158259,Cow,1
38.13643141208757,76.94115454547358,147.4382024750462,31.3377102433233,74.87883583065154,Cow,0
38.37624068222425,79.81481601475794,147.58502554129223,32.54311233746847,81.01225623991536,Dog,1
38.46278328544998,77.8534888774137,149.3823580013987,30.848823981842934,69.52364740578598,Sheep,1
38.81033604877534,76.53789510063072,154.79441518086065,34.82786061441821,59.11648093402,Sheep,1
38.58885050046663,72.96841268164083,158.74517074132524,34.69935907945626,76.39541929172593,Sheep,1
37.83232782064495,79.58447213685653,143.50234773151732,34.346607573627274,76.45781838340986,Dog,1
38.69009892550298,72.476398129845,137.96799144610856,32.91484461065885,66.54664186196774,Cow,0
38.805292872641914,83.80027981844802,139.57955587756896,32.65553249312672,70.10750227066697,Cow,1
38.77989522396552,80.41219876467251,145.12797078805073,35.928739727093145,88.77608871859951,Cow,0
39.04039036277731,72.71224250267535,146.4807868218349,33.898896136583026,73.47194692923098,Sheep,1
38.91696107727445,78.45395461475069,142.3000393380254,35.63271664307229,78.65479488188107,Sheep,1
38.729590039614216,76.23921797204709,137.03883335750106,33.22950262775156,71.74670086315808,Goat,1
38.46491714427068,81.5958725520959,145.4387917252581,35.362125485542165,64.54848550573422,Dog,1
37.669519533242,86.70225223011572,151.8142662011397,37.606556074632124,74.14870876602048,Dog,1
38.714809109566296,70.62413765177128,155.95029465835566,36.17233160078557,73.67197719856948,Sheep,0
38.60384384358156,80.57513039573709,144.4257694689168,34.175172363567036,73.00060880665814,Goat,1
38.63578941859769,79.1993360221668,145.87002177856567,35.51439794071185,74.42679582246804,Cow,0
37.86162571208985,83.35670038225233,140.7330169115269,34.51866965093957,76.32134135822818,Sheep,1
37.959471729795865,81.06598314118844,149.68560829625224,35.015760369389454,74.24941524373097,Dog,1
39.02657642666645,76.2401533413059,141.51571365809184,34.348777895702995,68.67996916026318,Dog,1
38.48022242307167,78.4047303216669,155.731278132412,34.67132958822922,77.4309239578097,Dog,1
38.84075034868631,76.01987071598255,132.14133508065888,35.42418670614835,65.25314122338789,Cow,0
38.51415918806523,85.38003569299299,146.40370327547538,33.0132826008361,64.748212713579,Dog,1
38.51487806974787,80.10655824335971,153.01107339191742,32.96824234602004,78.69590247350784,Cow,1
38.969141902988,89.50595342876504,151.83834516322506,32.22291489233758,77.53510136067679,Cow,1
38.24197763589131,79.6966959309269,176.93033663980498,31.79945779099258,74.71302317462983,Cow,1
38.54806038847049,76.45796616544769,153.49800024567907,32.56543461555904,68.02275747622464,Sheep,1
38.26886235564748,72.43142803693587,139.9594540315799,35.31892501360826,71.46044529662963,Cow,1
38.28275188628384,70.98430161872028,149.04535752910928,33.214424969016235,73.68626626156748,Goat,1
38.34541393826568,72.07932028497255,132.23753666533548,36.02722892846219,67.02053015712943,Dog,1
38.611066885816854,81.33563325505742,149.1940025070324,35.069427497505124,71.30485670988384,Sheep,1
38.260625689168265,82.54362511614967,141.66943942999242,31.06299157312389,78.2616516908834,Dog,1
39.12787806278676,72.09404648983933,159.15390275560162,36.309951168443376,82.13652682144608,Cow,1
38.05269634889025,84.47519157038057,144.50459725404465,36.62159729118342,72.90282623670724,Sheep,1
38.40656417791932,77.58469474158281,148.83234084204753,33.01227465033029,78.7824417715805,Goat,1
38.28013447086291,80.73396505992774,143.64442158595597,35.84038308578998,65.42969964706266,Cow,1
39.223488942176864,88.06110314127713,167.3885135185333,33.2870035251816,78.29725620556806,Dog,1
38.59827738825579,84.48419657932766,146.7875723388209,35.19534075349667,70.9802579263626,Goat,1
39.01592226973432,78.65734676047084,168.325570434792,32.471003186090066,76.53672808353986,Cow,1
37.75721981348151,75.54403887292357,158.14151762118266,31.413787094930846,73.76123790880145,Goat,1
38.63352513293463,69.24092299335348,154.82066727335385,34.234365620774064,81.60207004891917,Cow,1
38.944815397811716,76.4042334037879,153.6873314731752,34.752542107450324,70.62782175830041,Sheep,0
38.54114199463771,78.94434880586152,153.9379729821625,34.204640612770795,78.13803148780916,Cow,1
39.032740187532674,75.06410236424408,130.7232742065439,32.63193888355488,73.60246268351733,Sheep,1
38.24135577494982,79.34371516453848,147.21116605849244,34.200201875737726,74.20847260995168,Cow,1
39.20467372009279,80.38425941479385,158.4515797118432,35.53858950516147,74.08073053420395,Cow,1
39.64944906180963,78.8757200909596,149.51102816525895,34.910213939754925,70.77163447752943,Dog,1
38.31858071978017,76.7499870958827,135.94810153196426,35.365002061198425,74.92950517046664,Goat,1
38.277248739299615,80.84327335983363,149.4759554942253,33.65976959909153,74.68675888939089,Goat,1
39.22669223855885,82.20970324784705,167.04105516255493,37.343435829432316,76.20620124203364,Goat,1
39.289786072865354,74.54800461278577,162.46891715534719,32.64765332689044,75.42252572846431,Cow,1
38.238569986423364,87.05466189873135,149.37995990633968,35.97512059417344,78.98997274806118,Cow,1
38.28990659145207,79.50705933857869,159.51449277058086,37.36378218591992,79.61754308023684,Cow,1
38.35910769556975,80.09424811472424,146.33492979631947,35.96181618549779,69.746883390861,Sheep,1
37.82777474448286,83.54107211628279,132.9612841317328,34.59495154587034,79.34386250295385,Sheep,1
38.0406740267579,81.1660806563175,140.75534011870445,33.943405906674045,69.06831786445073,Dog,1
37.99792961662396,84.76568316956623,165.62888768508196,37.07217530209251,77.93927944068868,Cow,0
38.116101217447934,81.43562082600913,147.26006918170697,32.15405014947665,78.09869392351435,Goat,1
38.48265755630661,76.9378131267978,147.56616020624983,33.05975147924071,65.44341554168747,Goat,1
38.61710736626826,81.8075176260305,147.0016180372512,34.204884469016555,75.46489623264705,Dog,1
39.27525024640704,74.28136896339669,169.04136589573008,37.475307515024,72.65751943319842,Goat,0
38.000822979630605,80.54279852888261,166.25958915362062,35.75953527208179,71.20617371032313,Dog,1
38.99216119923829,79.8338500467777,172.18780233448135,33.06390848297951,81.75426165349502,Cow,1
38.393005577887244,78.9594157136373,148.40954789599948,34.37938458923019,71.7316042968129,Goat,1
38.475268145173786,79.35731244280535,152.95624488747094,33.771353711807414,70.96811535440975,Cow,1
38.8374097460833,70.5907547725118,134.8335745057921,33.58042201553293,75.37847470002546,Sheep,0
37.93863898921885,77.25637546129519,164.76934426118274,36.95777911711356,78.42794873149208,Goat,1
38.691204873092026,80.46422450570557,138.32220448732065,32.256513741472986,74.29175706994937,Sheep,1
38.58322610410653,80.799281959987,152.1677556376263,38.21756171146875,80.83185272834626,Goat,0
38.74622563200408,74.8616242953702,139.02697472367157,36.65645938036925,77.65487830982045,Cow,1
38.64458432195391,86.3285392043235,144.11133173261305,37.181723341207395,64.10894340134286,Dog,1
39.727650069955445,75.66912575892749,141.627375689503,34.074120975949484,72.35266518246496,Cow,1
38.181130007874344,84.84728600263368,143.92124739324183,34.700118561841784,72.1907895032415,Cow,1
38.234501522499095,82.13597180935842,144.6087729685102,32.133696370950574,77.39680476714712,Cow,1
38.18842973678762,76.76886345078098,144.51731205074924,33.950675185866395,61.87591471812944,Goat,1
38.22226144041987,88.87655446304755,158.33333911780306,35.9873096952863,87.74504854358861,Dog,1
38.181306436346745,74.0318158412176,138.9513720693748,37.59212612356279,77.65513047447105,Sheep,1
39.09450826555378,84.59577086805001,152.20541427013868,32.7856863663951,75.74438401958845,Cow,0
39.21025212399493,85.0029115902149,162.1795915230556,34.26898812602947,80.90783858209574,Goat,1
38.21462685312526,76.64689895461677,144.86803635486604,34.69740155953495,86.71827026406312,Sheep,0
38.08382221344789,86.96232650032164,142.82081109252397,32.20842159561503,79.35373322294201,Cow,1
38.7357077781932,78.74976742700524,147.69475374819748,36.1826984835168,79.7440654823581,Sheep,1
38.22388847785952,81.44346814639928,161.7972520836071,33.55201933651478,75.65345012232191,Cow,0
38.81646590887775,81.30160919385611,151.94107630953357,34.60921929764595,74.29237123316526,Sheep,1
38.60146151042565,79.32845629264726,144.687857053924,34.09610125617625,72.62102277997549,Sheep,1
37.742127942501384,84.05404136579891,154.8387665118804,33.421322988560654,70.86944004142728,Dog,1
39.273752600665034,83.96744360276107,138.97707850163576,34.98591002903889,71.56492950150252,Dog,1
39.39793883654776,71.2573401338091,156.81359510442948,34.56878084286396,68.24722017828509,Cow,1
38.1936056547578,86.52170121439076,154.0860730770177,34.25628423544267,74.62064274657489,Goat,0
38.306149220032005,71.68754005982163,146.92191528861116,33.543076756639316,66.57666211386807,Dog,1
38.642932695362454,85.16273102170828,141.6141420155277,35.63904934156591,75.95458262071855,Sheep,1
38.667228394993515,85.63352568413792,141.13319077716542,38.307234536984566,74.81834695978829,Dog,1
38.829272136336414,74.54516784892401,155.3481733634591,35.27977446567825,75.73467649193344,Dog,1
39.50510226938317,77.94592856022707,162.28980502489063,36.992236429822256,72.38934214990003,Cow,1
38.41152638625297,74.47147665757032,143.62692252971206,32.21955614969308,90.38430185090252,Dog,1
38.10085137773077,78.92539484855632,154.58386703551486,35.31552287858754,81.80057950090156,Dog,1
37.81034038599274,78.4598285790713,129.1297298139793,32.805263362057865,68.77728749957639,Sheep,1
38.13453498002904,83.8983026613467,144.153822693428,32.0461501449362,76.16434043713448,Dog,0
38.4834365135631,86.55154373059804,149.68941067129097,33.52125718508193,71.95996928531338,Sheep,1
39.39727893175889,86.97841905394978,140.90316583018165,37.38379866882715,69.92760136646294,Dog,1
38.24119435048191,77.18915986710849,140.63493625210404,36.90003165733929,68.29963964438032,Dog,1
38.61189397581945,78.95389063127736,143.32220443531114,35.4860094441088,77.16108345379627,Goat,1
38.49178855196362,71.58280903889525,152.92192728326373,31.93459888022014,71.59309882465213,Dog,1
39.09419663672404,75.97064966751906,148.12670981593627,34.607438697224126,79.83913012012601,Sheep,0
39.76346621293681,84.8242581654873,127.61768766675027,35.60340001780347,79.96891107265219,Sheep,1
38.23456561353984,88.07791411774116,128.79299847364933,35.351072459157194,81.86957192605725,Cow,0
38.25528027874089,73.82825564060039,143.93134822142824,31.312412833038508,70.73806616962948,Cow,1
39.02208043853454,77.03767870423553,154.57686586053552,33.219364303960255,77.37682805346004,Goat,0
38.840945744813155,79.86797121520536,122.52495157274765,34.871844471702566,78.16227108321151,Sheep,1
39.42335366286802,81.40080579409803,145.0026982384837,36.07258181903438,72.62910912448018,Sheep,0
38.79196409266298,75.95198240039177,144.7375214348258,30.607744357800108,71.14114021303563,Sheep,1
38.32035395460647,82.12030522232045,163.88337778208447,34.675752049040284,83.04760332887986,Goat,1
38.79532741534616,77.63080326464542,146.14978188287137,35.286097539757904,76.13747937866027,Sheep,0
39.054351790291456,79.9277386456086,153.82988984740928,36.699223977032425,78.17983875355868,Cow,1
38.91024109059868,82.73142124001849,151.41257140087464,36.385715168474874,70.88961994086036,Goat,1
38.75363701555365,80.03211134905469,128.694335201928,36.16514263761761,68.90357766738903,Cow,1
39.033337344794575,77.81807054736716,157.68207216631737,33.400118986596134,72.15275112753945,Cow,0
39.084647795222835,79.45195098037084,152.1539650545629,31.183995725753384,74.37989306305002,Goat,1
39.191079495518764,79.55818520397332,155.08268639674588,34.2138944858772,69.67889996591326,Dog,1
38.82435494379482,78.14994485058936,189.26237706436325,37.00326365041712,74.95077595674809,Dog,1
38.41644095984157,78.70601968666449,129.1588706050141,37.786909055048866,66.5574740596575,Cow,1
38.573356843216665,87.99323585252358,167.24696649761108,36.42109820459557,69.39976288765064,Dog,0
39.103254483254176,82.8045972397062,147.12552480599643,35.85868164560347,78.35455624138437,Sheep,1
38.09153216450638,78.5225984098542,152.8732890440301,35.75927929677193,78.01895260138947,Goat,1
38.68433665443645,83.48477202255368,149.54487754698758,33.88776250647844,73.04061617306567,Cow,0
38.30333059383632,78.33090255121995,145.75763666601955,34.73987941289276,69.91117845461524,Sheep,1
38.514372411467406,85.86562318793321,144.3016707176124,38.33813905165266,69.86298224236995,Dog,1
39.13922593130365,81.84821096099047,153.2950873557301,33.114883988416246,73.13365877029344,Sheep,1
38.595549534009955,79.46348927997886,134.8282630332832,38.229557581419705,78.22259245822646,Dog,1
38.523218274078076,82.23858462905139,157.50579167521767,34.35594369101588,79.64122845672162,Cow,1
37.82007192951004,72.1456192396575,145.83805595114745,37.65086421819016,72.51734132259016,Sheep,1
38.87312678301361,74.36616265545098,138.69930660959642,32.18636998100492,69.23253787007609,Goat,1
38.822742090570536,74.03037496800472,145.49987142004187,36.1718084023293,76.33921818933166,Cow,1
39.58162736165273,80.71471547381853,162.57149216862572,33.526459728104754,70.88232514687076,Sheep,1
38.3461108825235,88.66257499742545,144.64664912983778,32.169465616151626,72.40873680569399,Sheep,1
38.60957516383197,91.15650073096316,153.5845361820962,35.43706808482189,81.62638045218519,Dog,1
38.62469184185538,83.19025550720379,142.69043724284526,37.01894357719194,79.13557714282884,Cow,1
39.28872663988174,82.50422237472229,157.5792184992362,33.310117122813004,75.78987156125726,Cow,1
38.45235223380652,70.99471132923631,156.85507738790204,32.0019680790832,68.64040499443638,Cow,1
38.639510762885166,77.2866310013299,168.48608833296413,34.81631047133009,76.05698283735329,Cow,1
38.80394825485827,76.0610812404588,148.24436054500785,34.825129342445635,80.31328645393764,Dog,1
38.59330456157818,76.89576200874441,156.68654804757907,36.096639255109,73.12183167117232,Goat,1
38.276783192724736,79.15928090707605,150.98067539538945,36.89918914272898,81.75557044993357,Cow,1
38.597044996449156,77.63954711151436,162.95871781863013,34.88116963745501,81.46372644759103,Dog,1
39.036815874929886,70.10350094812107,142.8116761239127,38.711006629588525,83.31866416071736,Goat,1
37.98674235029447,83.73955128058768,157.45005312877282,35.44846948907058,76.52621563265676,Goat,0
38.56648483707344,74.63628487130097,148.0530270388332,34.3071469879862,77.93695849903006,Dog,0
38.149939592530416,81.19623432055575,149.35811822891503,31.776865281794343,82.07093644165545,Cow,1
39.09752331446242,90.37041334874986,150.91752484448372,34.47468095936767,77.23696968534487,Goat,1
37.738406547608115,75.40307704206788,152.52240396426677,34.32722610917773,72.49382946104893,Cow,1
38.220539076364204,67.34856238626836,148.8377095687804,36.92060959256294,72.7572858173607,Cow,1
38.68860593753226,78.56997889059944,152.14713183170525,35.92496724813371,76.1927747688687,Sheep,1
39.28276201461717,85.50479817499286,165.78118057562185,32.641261756734764,68.5471928902689,Cow,1
38.467124869463504,89.79173727110297,159.8544968561522,35.344508772822074,74.28370542317904,Sheep,1
38.2224002366534,73.85225202773792,158.69154592496898,36.34306234345811,80.48273559115127,Goat,1
39.440578534720295,82.48349611618261,145.4446047397613,38.056062718775664,64.04373074417359,Dog,1
37.77599304979188,77.67344771609973,141.10759171771676,36.77500793482812,82.67241050897258,Sheep,1
37.40059702168996,79.47025822847932,159.55300558237752,36.52169330862296,80.6118710935158,Dog,1
38.72000722502666,93.22171673508518,158.76046792529795,35.12017198923033,72.70117692084762,Goat,1
38.2489728878237,72.48514835802423,164.72670675750982,35.7766240108469,77.71695413935905,Cow,1
37.989383591434645,81.26869830747287,143.96019374030772,37.49900980141232,75.01573863453163,Goat,1
38.854178223649676,82.33846585882716,147.70451344639653,32.3344452050407,81.14995184219342,Dog,1
38.6219003568856,85.42893162469673,133.60515837474566,34.30112134556609,79.9134157138497,Goat,1
38.217960684631635,80.48991576735447,146.07528893939127,33.454862502487515,67.99964638408495,Cow,1
37.859847800664554,81.54025269752051,159.96570510579448,35.758306237452246,77.93631206732088,Goat,1
38.936228664140074,78.04175716289105,145.33504620771802,37.460444351301575,73.97186073178376,Cow,0
38.82510058897933,81.34563470622554,156.40479795200824,33.80605142655785,75.4141628525905,Sheep,0
38.45041206811031,78.28403862251295,148.0949689400219,30.219391265061123,71.35914049515092,Dog,1
39.42331849802383,83.10785944928026,153.2405702822156,34.17555850995106,83.74068534560418,Cow,1
37.96495761683693,78.15194831978182,138.52308610184332,36.82694746403482,80.20030909951288,Cow,1
37.73723741453763,81.88550196951093,150.85209449633902,36.07525980589976,71.30114418013517,Goat,0
38.154045965059375,79.85368593157511,120.08864029099277,35.85637249562115,68.32694696544884,Sheep,1
38.47720699182225,85.63025125386085,148.13103841838014,34.44001339625104,73.07163684511076,Cow,0
38.621669724661345,79.74303138205757,133.69526756284858,32.441938527560424,77.17251323045653,Sheep,1
38.37938197107184,71.1348376589656,162.05994516546815,36.03058864324893,76.20102921973111,Sheep,1
38.67602769825715,86.30960750356996,157.7740735276451,33.33143637993075,81.26566412384122,Goat,0
37.87423028790478,75.47133849568691,154.6667098196608,39.368193466760914,78.94959861090426,Cow,1
39.22188230203663,76.7311683067559,165.2100622715938,36.141014416709034,79.84784512876453,Goat,1
38.45892441080372,77.02169352978254,140.51083479175162,33.8387033948921,76.63427700305219,Dog,1
39.05864791579406,86.87219046585409,167.47363197915558,33.77722950522274,68.05350634894505,Dog,1
38.67136267318885,69.32162893010653,159.32191564260384,34.814111586772825,74.02150734426549,Cow,1
38.72837660957689,95.68874266829997,147.63444712781055,34.5209961559565,80.30044869954332,Sheep,1
38.7848836401161,85.28028404533026,161.35620147182945,37.23366755105991,74.74238535737678,Cow,1
38.72385428000866,81.1161945706458,138.93706487588366,35.37283233948809,77.51545184311874,Cow,1
38.82136137993377,79.72552999691857,141.75485838472326,33.53673652218294,73.40625842376933,Dog,0
39.164576265066216,81.42777037428829,143.914102767603,38.78088137031156,69.85094075729077,Dog,1
38.598260584850735,82.60561214189669,144.71022291935984,35.098616663040445,74.38327967976944,Sheep,1
38.85450187879426,83.22607792975029,139.43442357239746,36.5376793519378,76.54523721516327,Sheep,1
38.455132152856386,82.77802233001724,162.23083067095325,33.78354698511048,71.72156140269279,Cow,1
39.22005860772474,80.44790340627624,147.4114559963017,35.72623125548905,73.82144377571666,Goat,1
38.161803848970365,79.01330789846337,153.5250496835688,35.62221998228639,70.30268379007009,Cow,0
39.40047021645541,79.24363358173244,144.2964863358632,31.220701415807696,80.59622458782047,Sheep,1
38.47992102467783,79.0254585982366,131.79396699451482,39.03055022092128,73.52772121205983,Goat,1
37.784612448940976,85.66885048433532,152.70057358391423,37.58128892184509,82.26377772563092,Dog,1
38.5640522074554,82.96778361140431,130.87745024580224,34.20560936770802,82.64373925270453,Sheep,1
38.15947417126256,65.2980568266786,149.3136595391453,32.79546051908829,74.59477017639128,Sheep,0
38.92032177449436,83.27950388264881,136.3168496116719,35.695123227607105,69.95775633726325,Goat,1
38.173688010348805,80.97368097359387,169.8727599923081,35.173395398828795,64.57051061133332,Sheep,1
38.27690828339261,79.90645621777051,159.1136272217472,35.711337897126455,67.63981463486604,Sheep,1
37.55522963452724,78.05740773455557,151.0575379127148,35.383154792388176,68.1308258755067,Sheep,1
38.27384684037546,85.62056359993007,162.63706677654667,36.01248197861185,81.89234813730752,Sheep,1
37.28806033668552,84.73763231061429,141.53684022534264,37.89461139878361,75.57912293613472,Sheep,1
37.708048588257135,76.13561166088195,155.43479378670094,36.136206410257294,76.94802262045994,Sheep,1
38.880207328072146,82.03526143562267,151.99810433718713,32.900689002180115,63.89789495532437,Sheep,1
38.892900079325415,75.14171632729357,152.6402008133367,37.7251257054249,69.01016785391369,Sheep,1
38.71272878089248,73.10190917605534,162.7235350010677,38.28122912697658,79.43539888223144,Dog,0
38.01651192843539,76.86641387705018,157.324921027798,41.30411346902417,76.43387056191293,Sheep,0
38.47614432192901,84.31196736191379,152.88723662825024,32.7530119335208,74.26397360657201,Dog,1
38.49819873045472,84.76562522688043,133.45112563771704,35.48576402630055,77.82421179300061,Dog,1
37.92081765540373,82.56542710048646,140.39953704720537,30.835802593622027,83.17898903067908,Cow,1
39.251699150883574,83.62547893423998,148.77291066404277,36.10629831275842,73.89478768231474,Cow,1
38.93868114528784,82.5808914355748,150.93372374276652,33.903599403666455,75.34684901329035,Dog,1
38.38951791308517,76.79259202388523,138.69796275326075,38.84689158964991,75.96298459365653,Dog,1
38.513442919497265,82.1596127233697,174.11676675578423,33.450770059962835,86.96054817636997,Sheep,0
38.60419140397378,84.0020476261384,165.16394055253573,31.621633924065478,64.50321867790487,Cow,0
37.47913256578786,83.77145664906787,156.02118320392483,34.05747251859496,78.41611507394404,Goat,1
38.376411308739705,85.94456685737322,150.72036861283746,31.049024457565725,74.42598875620469,Cow,1
38.1590078760011,83.54151923600531,147.87791030098848,36.50219890901462,77.8338586309209,Dog,1
37.99918999505254,81.75724103770791,140.48081539977764,30.869833907487358,71.71313723002638,Dog,0
38.359449853557024,85.35075119158213,150.77480518518863,35.056915162366316,74.75517484570774,Sheep,1
39.39884326342476,79.8673937037547,152.5775254014275,30.844376360287605,78.55705289732748,Sheep,1
38.8204214306335,75.5906267438614,137.58239424518376,34.35940439092671,90.5645510052192,Cow,0
38.2144105051086,79.18466518028119,153.34176417244896,38.28675631160907,79.04018094701036,Sheep,1
38.78629139067808,76.27548677596775,148.4474095117525,35.72129578287159,70.75967200984746,Goat,1
